Project ID,Start Date,End Date,Budget,Resource Utilization,Project Manager,Project Status,Client Satisfaction,Project Type
Project_1,2021-03-30,2021-11-01,218184,0.7633089340088082,Bob,Completed,1,Mechanical
Project_2,2021-02-25,2022-01-30,73525,0.675580824606433,David,In Progress,4,Mechanical
Project_3,2021-09-13,2022-08-03,626617,0.857789316162354,Rachel,Completed,5,Biochemical
Project_4,2021-12-03,2022-11-21,875476,0.9466994194505274,Sarah,In Progress,2,Mechanical
Project_5,2021-07-28,2022-06-07,506520,0.5162444672826603,Rachel,On Hold,3,Software
Project_6,2021-03-01,2021-08-19,338188,0.6545590095456529,Rachel,On Hold,4,Infrastructure
Project_7,2021-11-09,2022-06-27,47389,0.5175383142315215,Rachel,On Hold,5,Mechanical
Project_8,2021-06-27,2021-12-17,521790,0.5925132711112955,Alice,On Hold,4,Software
Project_9,2021-02-24,2021-12-16,610813,0.7045235715349629,Rachel,On Hold,2,Biochemical
Project_10,2021-05-05,2021-09-03,364547,0.5232928477428919,Alice,On Hold,3,Biochemical
Project_11,2021-08-09,2021-12-30,438759,0.5681246319620548,Rachel,On Hold,4,Biochemical
Project_12,2021-12-20,2022-08-14,298636,0.5432207800253435,Charlie,Completed,1,Biochemical
Project_13,2021-05-11,2021-10-11,165951,0.6711960970927575,Rachel,On Hold,4,Software
Project_14,2021-10-01,2022-09-27,832429,0.8692202900858694,Rachel,In Progress,3,Software
Project_15,2021-08-06,2021-11-30,30482,0.5941697849221064,Rachel,Completed,3,Software
Project_16,2021-03-11,2021-07-06,482457,0.9458874086306679,David,In Progress,3,Infrastructure
Project_17,2021-08-01,2022-02-25,777764,0.9037253659551663,Bob,In Progress,5,Electrical
Project_18,2021-04-23,2021-08-27,54894,0.7381582683619502,David,In Progress,2,Software
Project_19,2021-03-10,2021-10-28,207747,0.7339955478105753,David,Completed,1,Software
Project_20,2021-12-03,2022-03-19,813896,0.9491778919218771,Rachel,On Hold,4,Software
Project_21,2021-01-17,2021-11-23,676822,0.5089415919674538,Rachel,On Hold,4,Software
Project_22,2021-03-10,2021-10-31,463287,0.5380248361197902,Alice,In Progress,2,Biochemical
Project_23,2021-10-06,2022-07-06,960809,0.8624934732519478,Rachel,On Hold,5,Mechanical
Project_24,2021-05-02,2022-04-05,50937,0.93477580419695,Bob,Completed,2,Mechanical
Project_25,2021-05-28,2021-08-18,527758,0.9193057882091701,Sarah,Completed,1,Software
Project_26,2021-05-12,2021-09-20,833675,0.9082793677116681,Rachel,In Progress,1,Infrastructure
Project_27,2021-12-07,2022-11-01,563478,0.8774244577709163,Charlie,In Progress,3,Infrastructure
Project_28,2021-07-28,2022-02-16,192075,0.8593335830584605,Bob,Completed,4,Infrastructure
Project_29,2021-09-12,2022-07-17,371122,0.5664684058690852,Charlie,In Progress,1,Biochemical
Project_30,2021-03-11,2021-04-25,699316,0.8989260670782364,Bob,In Progress,3,Software
Project_31,2021-02-15,2021-09-17,691233,0.6934779501512808,Bob,In Progress,1,Software
Project_32,2021-07-12,2021-08-13,433377,0.9352056317843316,Sarah,On Hold,3,Software
Project_33,2021-04-26,2021-12-28,198680,0.7116606106325427,Charlie,Completed,1,Infrastructure
Project_34,2021-07-21,2022-04-20,62441,0.9244887795583951,Charlie,Completed,2,Electrical
Project_35,2021-08-26,2022-08-19,602568,0.9513179533324965,David,On Hold,2,Electrical
Project_36,2021-12-10,2022-07-26,491004,0.57012643177187,Charlie,On Hold,5,Electrical
Project_37,2021-05-12,2022-03-02,338079,0.8982964228640063,David,On Hold,1,Biochemical
Project_38,2021-11-07,2022-02-11,941832,0.6726094429327022,Sarah,On Hold,3,Software
Project_39,2021-01-29,2021-09-26,38711,0.7648168786333343,Bob,In Progress,2,Mechanical
Project_40,2021-03-18,2021-08-11,95953,0.7833876777928898,Bob,On Hold,5,Infrastructure
Project_41,2021-12-13,2022-03-06,53950,0.5404308996082388,Bob,In Progress,3,Mechanical
Project_42,2021-09-20,2021-11-25,371512,0.5419852881901259,David,Completed,1,Software
Project_43,2021-03-29,2021-09-14,490129,0.7304968715672441,Rachel,Completed,5,Electrical
Project_44,2021-08-27,2021-11-15,851000,0.9386023010439577,David,On Hold,2,Electrical
Project_45,2021-06-13,2022-06-09,335898,0.5881798283056983,Alice,Completed,2,Electrical
Project_46,2021-05-19,2021-11-21,216468,0.9919451132484814,Rachel,On Hold,3,Software
Project_47,2021-05-19,2021-11-13,297008,0.8997945828104127,Rachel,In Progress,2,Biochemical
Project_48,2021-05-02,2022-03-20,136497,0.8221256130087606,Rachel,In Progress,3,Electrical
Project_49,2021-04-29,2021-07-07,452036,0.6275939641027741,Charlie,Completed,5,Mechanical
Project_50,2021-11-22,2022-07-29,169657,0.6716486014315611,Rachel,Completed,4,Mechanical
Project_51,2021-09-24,2022-07-18,262502,0.9572304526398592,David,On Hold,3,Infrastructure
Project_52,2021-12-05,2022-02-12,161346,0.8565810239097993,Sarah,In Progress,4,Infrastructure
Project_53,2021-10-21,2022-01-09,352193,0.8703649274526373,Bob,Completed,5,Biochemical
Project_54,2021-04-30,2021-08-15,485707,0.8604175778663468,Rachel,On Hold,5,Biochemical
Project_55,2021-01-27,2021-07-06,575219,0.6413293504628712,Sarah,Completed,4,Mechanical
Project_56,2021-05-18,2022-02-14,544383,0.6581866494131674,Sarah,On Hold,2,Electrical
Project_57,2021-12-23,2022-07-13,29571,0.9318416385058829,Alice,In Progress,2,Biochemical
Project_58,2021-12-19,2022-07-22,816774,0.5203483112093106,Rachel,Completed,2,Infrastructure
Project_59,2021-08-20,2022-06-27,628945,0.9043428379444314,Charlie,In Progress,1,Biochemical
Project_60,2021-06-16,2021-11-11,727932,0.605559057718468,Alice,On Hold,1,Electrical
Project_61,2021-05-29,2022-01-12,568130,0.6542308570618034,Rachel,Completed,4,Mechanical
Project_62,2021-07-09,2021-11-16,880868,0.8681480608012704,Alice,Completed,2,Infrastructure
Project_63,2021-08-20,2022-07-17,499521,0.7738872578594012,Rachel,On Hold,5,Software
Project_64,2021-04-04,2021-12-05,178011,0.5779780252907707,Bob,In Progress,5,Electrical
Project_65,2021-09-26,2022-09-07,349532,0.8377295837351457,Sarah,In Progress,2,Electrical
Project_66,2021-10-04,2022-01-31,220962,0.9369739703244461,David,On Hold,4,Mechanical
Project_67,2021-04-03,2022-01-21,204272,0.8889704239681576,David,On Hold,1,Biochemical
Project_68,2021-02-21,2021-05-19,237912,0.6143741099023495,Bob,In Progress,5,Electrical
Project_69,2021-05-24,2022-04-29,971059,0.9472570583261015,Alice,On Hold,5,Software
Project_70,2021-07-21,2021-10-14,895378,0.5084325454018246,David,Completed,3,Software
Project_71,2021-10-22,2022-06-24,987798,0.6071317985976532,David,Completed,5,Infrastructure
Project_72,2021-04-08,2022-01-12,982253,0.9062036612220935,Charlie,Completed,4,Infrastructure
Project_73,2021-12-31,2022-11-29,131204,0.6482787715949154,Rachel,In Progress,1,Biochemical
Project_74,2021-09-24,2022-08-07,668664,0.6646462361409007,Sarah,Completed,4,Mechanical
Project_75,2021-04-17,2021-06-13,325438,0.6779031228566722,Sarah,On Hold,4,Biochemical
Project_76,2021-03-09,2021-07-24,174899,0.6336420233054594,Sarah,On Hold,4,Biochemical
Project_77,2021-09-09,2022-04-12,35535,0.5149513019726933,Charlie,Completed,5,Software
Project_78,2021-03-05,2022-02-27,659191,0.9430308278574403,Alice,In Progress,3,Mechanical
Project_79,2021-07-08,2022-01-28,157522,0.7150432486371898,Bob,Completed,1,Infrastructure
Project_80,2021-10-15,2022-10-15,38106,0.6236225329734707,David,In Progress,3,Mechanical
Project_81,2021-01-16,2021-06-19,818862,0.9613980418713014,Sarah,Completed,4,Infrastructure
Project_82,2021-11-19,2022-07-02,396366,0.9847521228614474,David,Completed,4,Electrical
Project_83,2021-12-26,2022-09-29,543444,0.516061305562116,Alice,Completed,4,Infrastructure
Project_84,2021-05-20,2022-02-12,893610,0.7040829064573909,Charlie,On Hold,2,Infrastructure
Project_85,2021-03-22,2021-07-27,290700,0.789733832370584,Charlie,In Progress,3,Infrastructure
Project_86,2021-11-07,2022-08-26,823015,0.5490294039782919,Rachel,Completed,2,Biochemical
Project_87,2021-05-06,2021-06-09,18398,0.9083723835594245,Charlie,Completed,2,Biochemical
Project_88,2021-04-26,2022-02-20,297545,0.8424734292313029,Rachel,In Progress,4,Electrical
Project_89,2021-07-12,2021-12-12,958759,0.8199163282953066,Charlie,Completed,1,Software
Project_90,2021-12-08,2022-01-11,259175,0.5980045413113029,Charlie,On Hold,3,Infrastructure
Project_91,2021-02-23,2021-06-12,219119,0.7703875815174583,David,Completed,3,Infrastructure
Project_92,2021-07-24,2022-06-18,549613,0.8419925021850496,David,On Hold,3,Mechanical
Project_93,2021-02-16,2021-06-20,76592,0.5716174549173993,Sarah,In Progress,1,Mechanical
Project_94,2021-01-12,2021-07-20,536703,0.7057596785740035,Sarah,In Progress,3,Software
Project_95,2021-12-19,2022-08-08,601135,0.5362015924162734,David,In Progress,5,Biochemical
Project_96,2021-07-09,2022-03-13,124910,0.6757177604794655,Charlie,Completed,5,Infrastructure
Project_97,2021-04-01,2022-03-13,868428,0.8861792749681655,David,In Progress,2,Software
Project_98,2021-06-09,2021-08-25,936834,0.9467137961063989,Charlie,In Progress,3,Infrastructure
Project_99,2021-12-24,2022-09-03,543582,0.5939669769332129,Sarah,In Progress,3,Infrastructure
Project_100,2021-03-21,2022-01-25,895279,0.714054879652265,David,Completed,5,Biochemical
Project_101,2021-09-30,2022-02-03,518220,0.7006113783550081,Rachel,Completed,3,Mechanical
Project_102,2021-08-08,2021-10-16,254355,0.6835848901959565,Rachel,In Progress,4,Electrical
Project_103,2021-02-08,2021-07-14,205306,0.5722714003622404,Bob,Completed,3,Software
Project_104,2021-04-03,2021-06-22,716409,0.7011967310311659,Rachel,In Progress,2,Electrical
Project_105,2021-08-10,2021-12-23,222012,0.867423709960421,Rachel,On Hold,4,Infrastructure
Project_106,2021-07-27,2021-10-10,358016,0.5423313878394128,Rachel,On Hold,3,Mechanical
Project_107,2021-03-25,2021-12-24,900488,0.6758101262791912,Sarah,In Progress,2,Electrical
Project_108,2021-09-24,2022-08-07,675333,0.5002373428933197,Sarah,Completed,5,Software
Project_109,2021-06-17,2021-09-04,655317,0.8664724513602842,Alice,In Progress,1,Mechanical
Project_110,2021-06-23,2022-03-28,977069,0.7317109289651801,Rachel,Completed,4,Infrastructure
Project_111,2021-08-14,2022-07-18,515806,0.8438390258102968,David,In Progress,4,Electrical
Project_112,2021-06-01,2022-02-18,753141,0.5066763798766782,Bob,On Hold,2,Mechanical
Project_113,2021-04-29,2021-12-03,953595,0.9342900405275223,Bob,In Progress,4,Electrical
Project_114,2021-06-15,2021-12-27,965662,0.7744585868523968,Bob,Completed,3,Biochemical
Project_115,2021-03-24,2021-10-17,597214,0.732309320816579,Bob,Completed,4,Electrical
Project_116,2021-11-26,2022-06-07,619926,0.5512717485363932,Alice,Completed,1,Software
Project_117,2021-01-11,2021-10-30,977776,0.8189547379972759,Charlie,Completed,2,Software
Project_118,2021-12-28,2022-07-27,999145,0.6137717065363146,Rachel,On Hold,3,Software
Project_119,2021-09-20,2022-05-29,837653,0.5439639661329974,Alice,Completed,3,Electrical
Project_120,2021-09-04,2022-02-07,69762,0.8242767763137424,David,Completed,4,Mechanical
Project_121,2021-01-12,2021-07-08,690227,0.9985942335999616,Bob,On Hold,5,Electrical
Project_122,2021-10-22,2022-08-14,285708,0.9400249415883586,Sarah,In Progress,4,Biochemical
Project_123,2021-01-09,2021-09-27,483289,0.872086231802529,David,Completed,5,Mechanical
Project_124,2021-08-20,2022-08-05,269624,0.8156832441310695,David,Completed,1,Infrastructure
Project_125,2021-03-09,2021-11-14,125057,0.6577032126334047,Rachel,In Progress,5,Electrical
Project_126,2021-07-05,2022-03-14,292725,0.9832621921434219,Alice,In Progress,5,Mechanical
Project_127,2021-03-31,2021-07-13,279517,0.9196851110994888,Bob,Completed,1,Electrical
Project_128,2021-03-22,2021-05-01,924294,0.5218221228678532,David,On Hold,2,Biochemical
Project_129,2021-04-03,2021-11-14,431321,0.6376743557710001,Rachel,On Hold,2,Infrastructure
Project_130,2021-05-21,2021-07-16,851460,0.8875793231219726,Sarah,Completed,1,Electrical
Project_131,2021-12-15,2022-08-13,992488,0.6985144724880101,David,Completed,4,Electrical
Project_132,2021-12-09,2022-02-13,30210,0.7201226854910707,David,In Progress,5,Electrical
Project_133,2021-10-29,2022-09-07,881921,0.5822508769997419,Alice,Completed,3,Mechanical
Project_134,2021-11-09,2022-01-28,830221,0.6516717905275711,Charlie,On Hold,4,Infrastructure
Project_135,2021-07-17,2022-02-28,641533,0.7379832519576612,David,In Progress,5,Mechanical
Project_136,2021-03-08,2021-06-21,869813,0.6621596315953626,Rachel,Completed,2,Biochemical
Project_137,2021-12-27,2022-12-02,240766,0.8164270853643503,Alice,On Hold,1,Infrastructure
Project_138,2021-08-05,2022-07-28,587889,0.7041746931972324,Sarah,On Hold,4,Infrastructure
Project_139,2021-11-13,2022-03-30,381173,0.6699790283661866,Rachel,Completed,3,Biochemical
Project_140,2021-11-17,2022-11-16,364592,0.7596319744287254,Rachel,Completed,1,Mechanical
Project_141,2021-08-09,2022-08-08,10050,0.5836035107317841,Rachel,In Progress,3,Mechanical
Project_142,2021-07-19,2021-11-24,266956,0.7532147814350969,Charlie,On Hold,5,Electrical
Project_143,2021-11-07,2022-10-24,606374,0.7188683097392736,David,On Hold,3,Biochemical
Project_144,2021-06-12,2021-08-25,70156,0.9661506383806331,Sarah,Completed,2,Mechanical
Project_145,2021-09-01,2021-10-31,414472,0.9605932160097332,Sarah,Completed,3,Biochemical
Project_146,2021-09-19,2022-01-06,956742,0.7263787306334499,Rachel,In Progress,1,Mechanical
Project_147,2021-12-22,2022-04-29,789281,0.7289066852994589,Charlie,In Progress,3,Mechanical
Project_148,2021-05-27,2022-02-13,909523,0.6968051855347646,Rachel,Completed,5,Software
Project_149,2021-07-21,2021-11-02,790838,0.6700984561853204,Alice,On Hold,3,Software
Project_150,2021-12-14,2022-05-17,642353,0.7061992980288458,Rachel,In Progress,2,Biochemical
Project_151,2021-07-19,2021-08-29,146772,0.8778516904480735,Alice,On Hold,4,Software
Project_152,2021-07-08,2022-04-19,236667,0.5899347103788095,Charlie,In Progress,3,Infrastructure
Project_153,2021-06-12,2021-08-01,302989,0.5591779029779141,Charlie,On Hold,4,Infrastructure
Project_154,2021-11-22,2022-11-09,485989,0.8456698300782906,Charlie,Completed,4,Software
Project_155,2021-02-20,2021-09-13,39608,0.5034787047992365,David,On Hold,5,Software
Project_156,2021-11-12,2022-05-28,294133,0.5943003504030829,David,In Progress,2,Mechanical
Project_157,2021-11-11,2022-07-13,157948,0.5761187594874123,Charlie,On Hold,4,Mechanical
Project_158,2021-09-07,2022-02-11,398443,0.9127852156397421,Bob,In Progress,3,Biochemical
Project_159,2021-11-21,2022-02-26,841894,0.901578263472274,Charlie,In Progress,2,Electrical
Project_160,2021-07-09,2022-07-04,817360,0.6201991420507256,Bob,On Hold,1,Electrical
Project_161,2021-06-20,2022-03-10,950794,0.7842036080043937,Sarah,Completed,1,Mechanical
Project_162,2021-06-16,2022-03-11,612609,0.5409368639305883,Alice,On Hold,1,Software
Project_163,2021-08-12,2022-08-06,237449,0.5052170327673672,Sarah,In Progress,3,Biochemical
Project_164,2021-03-26,2021-05-02,42686,0.5491815162838857,David,Completed,5,Software
Project_165,2021-03-04,2021-10-07,446301,0.6823005366428019,Alice,In Progress,5,Biochemical
Project_166,2021-11-25,2022-04-24,30956,0.9049490377198517,Sarah,Completed,3,Infrastructure
Project_167,2021-12-02,2022-09-18,785023,0.621056838918322,David,In Progress,4,Mechanical
Project_168,2021-07-30,2021-11-09,746756,0.7140398026767667,Charlie,Completed,5,Infrastructure
Project_169,2021-03-22,2022-01-24,575608,0.7822816601117162,David,In Progress,1,Infrastructure
Project_170,2021-11-12,2022-05-07,207883,0.8980635416101468,Charlie,Completed,2,Infrastructure
Project_171,2021-07-06,2021-09-18,411918,0.9133994846593085,Sarah,On Hold,3,Software
Project_172,2021-04-03,2021-08-13,180603,0.8557437829909016,Sarah,On Hold,3,Software
Project_173,2021-03-22,2022-01-31,447469,0.9112643701804494,Sarah,Completed,2,Biochemical
Project_174,2021-01-20,2021-07-16,754280,0.6087875789013144,Sarah,On Hold,3,Biochemical
Project_175,2021-05-16,2022-04-11,607758,0.548369737025642,Charlie,Completed,2,Infrastructure
Project_176,2021-11-27,2022-11-18,81698,0.7687486562736011,Rachel,On Hold,3,Electrical
Project_177,2021-12-27,2022-03-11,350044,0.6324940403893579,Sarah,In Progress,3,Software
Project_178,2021-01-28,2021-11-16,723304,0.6873797363278422,Bob,Completed,5,Software
Project_179,2021-10-23,2022-02-05,289282,0.5106422452607149,Alice,In Progress,3,Software
Project_180,2021-05-21,2022-03-12,399630,0.8873755086212964,Rachel,Completed,1,Biochemical
Project_181,2021-07-16,2021-12-14,126125,0.9038930912745435,Sarah,In Progress,3,Biochemical
Project_182,2021-06-13,2022-03-12,939225,0.7004407706100955,Bob,On Hold,3,Electrical
Project_183,2021-11-10,2022-08-25,520547,0.7671537087488978,Rachel,In Progress,2,Infrastructure
Project_184,2021-02-07,2021-05-31,639645,0.6716009319377918,Sarah,In Progress,2,Electrical
Project_185,2021-10-31,2022-05-25,782814,0.7095237824062812,Charlie,On Hold,4,Software
Project_186,2021-07-10,2021-12-24,132873,0.6901879707262661,Bob,In Progress,5,Electrical
Project_187,2021-06-10,2022-05-18,896350,0.855607808714032,Bob,Completed,4,Electrical
Project_188,2021-03-30,2021-12-17,922841,0.5722477159255934,Rachel,Completed,4,Infrastructure
Project_189,2021-06-09,2021-07-19,726849,0.609374913917164,Alice,In Progress,1,Mechanical
Project_190,2021-09-10,2022-01-18,800531,0.8142873171316828,Sarah,Completed,3,Electrical
Project_191,2021-03-12,2021-12-02,598295,0.8807526690472517,David,In Progress,1,Mechanical
Project_192,2021-08-13,2021-09-30,681106,0.651123787538632,Sarah,Completed,3,Electrical
Project_193,2021-07-25,2021-11-21,22763,0.8547319308338877,Alice,In Progress,3,Infrastructure
Project_194,2021-08-03,2022-05-16,128039,0.9206595836731879,Charlie,On Hold,4,Biochemical
Project_195,2021-04-24,2021-10-17,426585,0.7137572520648514,Bob,On Hold,5,Infrastructure
Project_196,2021-07-31,2022-07-22,163453,0.6307522414458939,Charlie,On Hold,2,Software
Project_197,2021-09-18,2022-03-03,297037,0.9970904430760924,Alice,In Progress,2,Infrastructure
Project_198,2021-02-13,2021-05-04,985273,0.5719427898223011,Sarah,On Hold,5,Mechanical
Project_199,2021-10-08,2022-05-15,102852,0.6468448293320523,Rachel,On Hold,2,Software
Project_200,2021-08-07,2021-12-31,39572,0.9386900676671,David,Completed,2,Software
Project_201,2021-12-11,2022-12-05,28850,0.7072546989166657,David,In Progress,1,Mechanical
Project_202,2021-12-08,2022-11-15,972793,0.5583895619784063,Charlie,In Progress,1,Electrical
Project_203,2021-11-20,2022-02-28,777493,0.7160449533188331,Bob,Completed,1,Biochemical
Project_204,2021-01-25,2021-07-26,285913,0.730907780580667,Rachel,On Hold,5,Biochemical
Project_205,2021-06-18,2022-01-21,989648,0.8381232526942475,Charlie,Completed,1,Biochemical
Project_206,2021-12-23,2022-04-16,533145,0.6751414353318987,Rachel,On Hold,5,Electrical
Project_207,2021-11-22,2022-10-11,698034,0.9269711724750911,David,In Progress,4,Biochemical
Project_208,2021-09-20,2021-12-26,312756,0.9714856493286408,Sarah,On Hold,3,Mechanical
Project_209,2021-12-02,2022-09-04,148816,0.8652017822539575,David,Completed,5,Software
Project_210,2021-08-19,2022-03-17,210433,0.9990116800251769,Sarah,On Hold,3,Infrastructure
Project_211,2021-01-26,2021-12-02,361281,0.9945685293135885,David,Completed,3,Electrical
Project_212,2021-01-06,2021-07-04,953745,0.6281026705256478,Alice,On Hold,5,Electrical
Project_213,2021-05-02,2021-09-18,650956,0.6433460839790108,Bob,In Progress,1,Biochemical
Project_214,2021-05-15,2021-12-01,515816,0.9209477054715542,Alice,On Hold,1,Software
Project_215,2021-01-18,2021-07-10,95302,0.7141936201942918,David,Completed,1,Biochemical
Project_216,2021-10-09,2022-01-02,704613,0.7408987358800503,Sarah,In Progress,2,Biochemical
Project_217,2021-11-13,2022-10-06,709699,0.6376213044744907,Rachel,Completed,3,Biochemical
Project_218,2021-04-14,2022-01-06,110488,0.6243905594419196,Alice,In Progress,5,Biochemical
Project_219,2021-03-04,2021-04-13,495350,0.6897243952099614,David,In Progress,1,Electrical
Project_220,2021-12-01,2022-08-17,910566,0.6657752936412805,David,In Progress,1,Electrical
Project_221,2021-11-16,2022-08-17,777290,0.8215860824748862,Alice,On Hold,4,Infrastructure
Project_222,2021-09-27,2022-05-05,602698,0.9339604075482975,Alice,On Hold,3,Electrical
Project_223,2021-12-07,2022-06-25,684901,0.9045427463832542,Bob,Completed,3,Electrical
Project_224,2021-05-28,2021-07-08,416102,0.5544023093363186,Bob,Completed,3,Electrical
Project_225,2021-08-20,2021-10-19,76095,0.9176739331869137,Rachel,In Progress,2,Infrastructure
Project_226,2021-11-07,2022-10-14,503516,0.923485346005596,David,Completed,4,Electrical
Project_227,2021-09-25,2022-06-05,179618,0.9997175695447332,Alice,In Progress,4,Biochemical
Project_228,2021-12-02,2022-10-23,999569,0.7977227676466004,Bob,Completed,5,Software
Project_229,2021-02-18,2022-01-08,388335,0.9696890202793702,David,On Hold,1,Software
Project_230,2021-07-05,2021-10-09,706125,0.9506378569638201,Sarah,In Progress,3,Biochemical
Project_231,2021-05-25,2022-03-02,518279,0.5055726676353915,David,On Hold,5,Biochemical
Project_232,2021-05-28,2021-12-21,507395,0.905041015680546,Alice,In Progress,3,Mechanical
Project_233,2021-10-13,2022-05-09,337337,0.581883624054453,David,In Progress,1,Electrical
Project_234,2021-11-28,2022-07-13,380870,0.5458684332612732,Charlie,On Hold,4,Mechanical
Project_235,2021-04-24,2021-09-11,987499,0.77644927653345,Sarah,Completed,3,Infrastructure
Project_236,2021-12-10,2022-02-20,127265,0.5143649570991484,Sarah,Completed,2,Mechanical
Project_237,2021-09-27,2021-11-19,508015,0.8567686561611871,Charlie,On Hold,2,Electrical
Project_238,2021-10-21,2022-04-17,266523,0.6800192095457047,Alice,Completed,5,Software
Project_239,2021-12-18,2022-02-20,945655,0.8180003466995165,Sarah,Completed,2,Software
Project_240,2021-12-20,2022-02-17,483109,0.8110420192396994,Bob,In Progress,1,Mechanical
Project_241,2021-04-25,2021-06-01,77114,0.7343727600273094,David,In Progress,2,Electrical
Project_242,2021-12-24,2022-11-28,97646,0.8278914401892414,Sarah,Completed,3,Software
Project_243,2021-01-26,2021-09-21,804010,0.8307945663520868,Bob,On Hold,1,Mechanical
Project_244,2021-02-26,2021-04-18,390019,0.5545836529507713,Rachel,In Progress,5,Electrical
Project_245,2021-02-09,2021-07-08,613238,0.8600722366613907,Rachel,Completed,5,Electrical
Project_246,2021-04-02,2022-03-17,617355,0.6915875189930565,Rachel,In Progress,1,Infrastructure
Project_247,2021-02-06,2021-05-22,416455,0.7674682195730954,Sarah,In Progress,4,Biochemical
Project_248,2021-12-22,2022-07-03,107955,0.9153530921452165,David,Completed,2,Mechanical
Project_249,2021-07-29,2021-11-10,472926,0.7745750471005164,Charlie,Completed,4,Infrastructure
Project_250,2021-11-26,2022-05-19,435315,0.588354926001962,David,In Progress,5,Infrastructure
Project_251,2021-10-29,2022-02-06,33283,0.8767033416903205,Charlie,On Hold,3,Software
Project_252,2021-12-09,2022-03-24,909849,0.5003615078537675,Charlie,On Hold,2,Electrical
Project_253,2021-03-09,2021-08-08,370676,0.8430441058036298,Charlie,Completed,1,Infrastructure
Project_254,2021-02-27,2021-11-23,690544,0.5747408723575407,Charlie,On Hold,1,Biochemical
Project_255,2021-09-07,2021-10-24,852486,0.7340035199516397,Alice,In Progress,4,Electrical
Project_256,2021-09-01,2022-06-08,205605,0.6907310509451172,Bob,Completed,2,Mechanical
Project_257,2021-04-30,2021-07-04,339788,0.7883224624874152,Charlie,Completed,4,Mechanical
Project_258,2021-12-01,2022-09-21,671078,0.524010421388839,Charlie,On Hold,1,Mechanical
Project_259,2021-08-30,2022-02-03,351061,0.9285034647823613,Rachel,On Hold,4,Software
Project_260,2021-09-13,2022-03-23,445317,0.6176329126420461,Rachel,In Progress,2,Infrastructure
Project_261,2021-12-25,2022-07-07,105694,0.7792742409622166,Alice,In Progress,1,Software
Project_262,2021-06-17,2022-06-14,201746,0.6982616981933409,Charlie,In Progress,1,Mechanical
Project_263,2021-09-07,2021-12-08,987628,0.7413695255739372,David,On Hold,5,Electrical
Project_264,2021-01-20,2021-07-13,163574,0.569250904925557,Rachel,In Progress,3,Software
Project_265,2021-03-13,2021-08-28,29860,0.809798170036112,Sarah,On Hold,1,Infrastructure
Project_266,2021-11-13,2022-08-01,182309,0.5752160512966069,Sarah,On Hold,3,Mechanical
Project_267,2021-02-18,2021-12-27,429405,0.9332143445278283,Charlie,Completed,1,Mechanical
Project_268,2021-02-01,2021-04-22,619721,0.6481830163238282,David,On Hold,3,Mechanical
Project_269,2021-06-06,2021-09-17,121691,0.6303804637602787,Alice,Completed,5,Infrastructure
Project_270,2021-08-01,2021-11-21,341215,0.5949645680201748,Alice,Completed,2,Infrastructure
Project_271,2021-05-10,2022-03-05,855995,0.6627779213663315,Sarah,Completed,1,Mechanical
Project_272,2021-01-13,2021-11-01,599446,0.5129248636768292,Bob,On Hold,4,Biochemical
Project_273,2021-09-01,2022-04-29,40352,0.8256520305925993,Alice,Completed,4,Infrastructure
Project_274,2021-06-23,2021-08-30,890927,0.7076793175888407,Charlie,In Progress,2,Mechanical
Project_275,2021-09-11,2022-07-03,684221,0.5756907743238603,Bob,Completed,2,Software
Project_276,2021-10-28,2022-06-23,360068,0.5654051814492815,Alice,In Progress,1,Mechanical
Project_277,2021-09-01,2022-08-13,168833,0.6898361990459108,Rachel,On Hold,5,Mechanical
Project_278,2021-05-25,2022-02-08,877724,0.7322532788692495,Sarah,Completed,2,Software
Project_279,2021-05-16,2021-06-28,779418,0.5478133644702667,Bob,Completed,2,Mechanical
Project_280,2021-08-24,2022-01-06,741023,0.7188740708847172,Bob,On Hold,1,Software
Project_281,2021-11-29,2022-07-08,687317,0.7764477371095868,David,On Hold,2,Software
Project_282,2021-05-05,2021-06-30,224934,0.8709517940734302,Rachel,Completed,2,Infrastructure
Project_283,2021-04-20,2021-12-01,329815,0.6617363119232611,Rachel,In Progress,4,Biochemical
Project_284,2021-03-24,2022-03-13,748062,0.7645221024940476,Charlie,In Progress,4,Infrastructure
Project_285,2021-04-07,2021-10-02,203439,0.708836272184691,Sarah,In Progress,2,Mechanical
Project_286,2021-06-15,2021-08-04,235091,0.783985980612816,Bob,On Hold,1,Infrastructure
Project_287,2021-03-17,2021-05-25,126394,0.9703268159489982,David,On Hold,3,Biochemical
Project_288,2021-11-11,2022-06-09,766890,0.5797176591991375,Alice,On Hold,4,Software
Project_289,2021-04-25,2022-03-16,530066,0.8964129964683,Alice,On Hold,4,Software
Project_290,2021-07-26,2021-10-21,514086,0.6386927873927966,Rachel,Completed,3,Infrastructure
Project_291,2021-09-14,2021-12-07,270887,0.7491640332122806,Charlie,On Hold,4,Mechanical
Project_292,2021-03-13,2021-08-09,345764,0.912442277304174,David,In Progress,2,Software
Project_293,2021-07-11,2022-06-25,422047,0.509964719431137,Sarah,On Hold,2,Mechanical
Project_294,2021-02-17,2021-05-27,232436,0.7346270577216873,Rachel,Completed,4,Biochemical
Project_295,2021-02-09,2021-04-02,390841,0.8782716429516011,Rachel,In Progress,1,Biochemical
Project_296,2021-02-07,2022-01-03,309987,0.89736723925622,Rachel,On Hold,3,Infrastructure
Project_297,2021-08-28,2021-10-04,804865,0.6715415044099786,Bob,Completed,3,Mechanical
Project_298,2021-09-22,2021-12-09,669058,0.863157585138373,Bob,In Progress,3,Mechanical
Project_299,2021-12-20,2022-07-15,206948,0.6961194436294831,Charlie,Completed,5,Mechanical
Project_300,2021-08-23,2021-12-08,537947,0.9356255227678618,Alice,On Hold,1,Mechanical
Project_301,2021-01-11,2021-02-15,678624,0.967948978646439,Alice,On Hold,4,Infrastructure
Project_302,2021-09-12,2022-05-31,67820,0.9983115001240626,Bob,Completed,5,Software
Project_303,2021-02-02,2021-03-16,702101,0.8484292482963529,Alice,Completed,1,Mechanical
Project_304,2021-02-24,2021-03-30,371222,0.7875185240844129,Sarah,In Progress,5,Infrastructure
Project_305,2021-02-16,2021-08-20,826071,0.9642643852687044,David,In Progress,5,Infrastructure
Project_306,2021-02-21,2021-09-27,530773,0.9758436975452845,Alice,In Progress,3,Mechanical
Project_307,2021-03-13,2022-01-22,762239,0.6515931070056323,Charlie,Completed,3,Infrastructure
Project_308,2021-06-04,2022-05-16,644561,0.6696383149991558,Bob,In Progress,4,Software
Project_309,2021-09-19,2022-06-18,669786,0.9630663624992672,David,On Hold,1,Infrastructure
Project_310,2021-03-24,2021-05-23,845901,0.540308677635635,Sarah,Completed,3,Software
Project_311,2021-05-30,2021-08-19,382290,0.7501314004963804,Charlie,In Progress,4,Software
Project_312,2021-06-14,2022-03-24,721555,0.9330202637587932,Charlie,In Progress,2,Infrastructure
Project_313,2021-04-21,2021-12-04,205555,0.8436913806061703,Alice,In Progress,5,Electrical
Project_314,2021-02-15,2021-04-03,282157,0.5992683473914242,Rachel,In Progress,3,Software
Project_315,2021-11-15,2022-04-10,383758,0.9020854587508755,David,Completed,4,Software
Project_316,2021-04-18,2021-12-06,419192,0.9981521338531532,Charlie,In Progress,2,Infrastructure
Project_317,2021-10-22,2022-08-31,169642,0.6995869446205059,Charlie,On Hold,4,Infrastructure
Project_318,2021-03-26,2021-08-12,874297,0.9070788261033058,Sarah,On Hold,4,Biochemical
Project_319,2021-05-25,2021-07-21,958461,0.8399274043603822,Bob,Completed,1,Electrical
Project_320,2021-04-19,2021-07-24,238765,0.5316148160164605,Alice,Completed,2,Software
Project_321,2021-08-26,2021-12-04,685490,0.5478546266746178,Sarah,In Progress,1,Software
Project_322,2021-01-21,2021-03-07,758700,0.7579360872947253,Rachel,Completed,5,Biochemical
Project_323,2021-10-08,2022-03-28,886157,0.6002778435642129,Sarah,On Hold,3,Biochemical
Project_324,2021-01-27,2021-06-28,20981,0.5425746425229669,Sarah,In Progress,5,Electrical
Project_325,2021-03-18,2021-07-20,115581,0.780212548646302,Rachel,In Progress,3,Mechanical
Project_326,2021-04-30,2021-05-30,678929,0.5509049188989723,Rachel,In Progress,5,Biochemical
Project_327,2021-12-19,2022-10-13,599371,0.7136707050747982,Rachel,Completed,2,Electrical
Project_328,2021-04-17,2022-02-02,346027,0.5502616879875087,David,On Hold,3,Electrical
Project_329,2021-01-19,2021-10-22,868507,0.7542216966628683,Bob,In Progress,5,Software
Project_330,2021-03-17,2022-02-09,106000,0.8550254583795802,Alice,In Progress,4,Infrastructure
Project_331,2021-10-21,2022-03-14,623946,0.6499909966065842,Sarah,In Progress,3,Infrastructure
Project_332,2021-03-21,2021-05-27,990719,0.9140981011951882,David,On Hold,1,Software
Project_333,2021-01-05,2021-06-23,842763,0.926936021844369,Sarah,On Hold,1,Electrical
Project_334,2021-11-15,2022-05-21,108228,0.7496087592683919,Rachel,Completed,2,Infrastructure
Project_335,2021-03-01,2021-04-09,763054,0.5056798651638967,Sarah,On Hold,4,Infrastructure
Project_336,2021-08-06,2022-07-18,681214,0.6023745317239868,Sarah,In Progress,2,Biochemical
Project_337,2021-07-06,2022-02-11,890276,0.9791767331036919,Bob,Completed,2,Biochemical
Project_338,2021-12-01,2022-08-03,870345,0.9840911643799031,David,On Hold,1,Electrical
Project_339,2021-12-22,2022-12-14,228945,0.6987462693052837,David,Completed,1,Infrastructure
Project_340,2021-06-18,2021-11-13,819667,0.6547331865628704,Charlie,On Hold,5,Mechanical
Project_341,2021-10-20,2022-05-13,116001,0.8969612734963583,Rachel,On Hold,2,Biochemical
Project_342,2021-03-23,2022-01-30,937191,0.7209595453037955,Alice,On Hold,5,Software
Project_343,2021-03-16,2021-08-30,812095,0.7039170993720982,Bob,Completed,5,Biochemical
Project_344,2021-12-05,2022-06-15,109157,0.9774620100674334,Rachel,On Hold,1,Mechanical
Project_345,2021-08-08,2022-04-12,442806,0.9947036335629738,Charlie,On Hold,2,Software
Project_346,2021-08-12,2022-04-09,135566,0.7159939209267228,Rachel,Completed,1,Biochemical
Project_347,2021-12-04,2022-06-07,162403,0.778972972612956,Rachel,On Hold,2,Electrical
Project_348,2021-04-30,2022-02-26,105793,0.5201033822365756,Bob,On Hold,4,Infrastructure
Project_349,2021-07-16,2021-10-07,297277,0.6283007875977886,Rachel,Completed,5,Biochemical
Project_350,2021-10-25,2022-04-03,43112,0.6824523555575697,Charlie,Completed,1,Mechanical
Project_351,2021-09-12,2021-12-04,858214,0.870776792185006,Alice,On Hold,1,Electrical
Project_352,2021-03-13,2021-09-19,343895,0.7317254632568129,Bob,In Progress,1,Mechanical
Project_353,2021-11-25,2022-01-10,444418,0.810103687820843,Rachel,Completed,4,Mechanical
Project_354,2021-09-30,2022-01-22,548215,0.8236022228025233,Alice,Completed,1,Infrastructure
Project_355,2021-09-25,2022-05-25,576197,0.8679481869982495,Rachel,Completed,3,Software
Project_356,2021-12-20,2022-01-19,817020,0.7934880993813838,Rachel,In Progress,3,Electrical
Project_357,2021-09-17,2022-06-14,833541,0.7890009701090024,Sarah,In Progress,3,Infrastructure
Project_358,2021-07-21,2021-10-14,932638,0.7976708294150472,Bob,In Progress,2,Infrastructure
Project_359,2021-12-17,2022-05-06,297184,0.9568403921754909,David,Completed,4,Mechanical
Project_360,2021-02-26,2021-08-12,221495,0.8802751602198504,Alice,Completed,5,Infrastructure
Project_361,2021-05-13,2022-03-26,357560,0.8291333463381065,Charlie,In Progress,5,Infrastructure
Project_362,2021-01-25,2021-11-03,154985,0.860370232322625,Charlie,In Progress,1,Infrastructure
Project_363,2021-03-19,2022-02-15,621222,0.5403993927798318,Sarah,On Hold,1,Mechanical
Project_364,2021-06-17,2022-02-02,148631,0.6232678041594173,Alice,Completed,2,Software
Project_365,2021-06-17,2021-07-19,674065,0.702099098723487,Bob,Completed,5,Infrastructure
Project_366,2021-02-06,2022-01-30,738031,0.8076539745238516,Charlie,On Hold,4,Electrical
Project_367,2021-04-17,2021-12-05,624386,0.7216668368691314,David,Completed,3,Software
Project_368,2021-08-06,2022-04-07,945380,0.9726118009193055,Bob,On Hold,4,Software
Project_369,2021-11-06,2021-12-30,936600,0.7039212001502022,David,Completed,5,Software
Project_370,2021-04-27,2021-06-13,305879,0.9072339908557563,Alice,In Progress,4,Electrical
Project_371,2021-06-07,2022-04-29,734774,0.7193881154241437,David,In Progress,4,Software
Project_372,2021-05-28,2022-05-23,480114,0.994490960307697,David,In Progress,4,Electrical
Project_373,2021-07-04,2021-08-21,875840,0.6006929645660244,Bob,Completed,1,Biochemical
Project_374,2021-08-13,2021-10-17,618836,0.8911249337229274,Rachel,On Hold,4,Electrical
Project_375,2021-04-12,2021-09-24,101444,0.640004964041776,Bob,In Progress,5,Software
Project_376,2021-06-21,2021-12-29,926493,0.77642374857647,Rachel,In Progress,5,Infrastructure
Project_377,2021-11-04,2022-11-04,140421,0.5116864719253472,Sarah,Completed,2,Software
Project_378,2021-08-01,2022-05-25,765858,0.9306521417789559,Bob,On Hold,3,Electrical
Project_379,2021-01-16,2021-04-17,51125,0.8293584171972281,Sarah,In Progress,1,Mechanical
Project_380,2021-12-09,2022-04-19,308138,0.9332211384923071,Charlie,On Hold,3,Software
Project_381,2021-11-17,2022-09-04,852450,0.9408571031923432,Alice,Completed,3,Electrical
Project_382,2021-06-12,2022-02-18,694578,0.5930406123191996,Alice,On Hold,3,Infrastructure
Project_383,2021-05-14,2021-11-22,782073,0.7782447814459466,Sarah,In Progress,3,Electrical
Project_384,2021-01-06,2021-08-20,838403,0.5547059953275646,Bob,In Progress,3,Software
Project_385,2021-04-01,2022-02-02,834287,0.8904559537249347,Charlie,On Hold,4,Biochemical
Project_386,2021-12-06,2022-06-14,487404,0.9285401130364378,David,On Hold,4,Biochemical
Project_387,2021-11-25,2022-08-20,532833,0.55384524277918,Charlie,In Progress,2,Biochemical
Project_388,2021-10-10,2022-05-17,155003,0.8307641629262809,Rachel,In Progress,4,Infrastructure
Project_389,2021-06-20,2021-10-13,805163,0.9517194563117564,Charlie,On Hold,5,Infrastructure
Project_390,2021-12-14,2022-07-27,381728,0.5144331690536714,David,In Progress,3,Electrical
Project_391,2021-04-02,2021-11-29,324409,0.8032659092367791,Alice,Completed,4,Electrical
Project_392,2021-02-11,2021-12-10,764840,0.7453050798094966,Sarah,Completed,1,Infrastructure
Project_393,2021-04-04,2021-11-02,268745,0.663994549298301,Rachel,On Hold,2,Mechanical
Project_394,2021-06-21,2022-05-16,518616,0.8901107497864993,Alice,In Progress,2,Infrastructure
Project_395,2021-04-30,2021-11-26,230281,0.9211862212675734,Bob,Completed,1,Electrical
Project_396,2021-02-28,2021-06-26,118024,0.514432279350769,David,In Progress,1,Mechanical
Project_397,2021-03-20,2022-01-07,87401,0.734471262808357,Sarah,In Progress,1,Biochemical
Project_398,2021-09-18,2022-06-27,547182,0.9127895119483544,Charlie,On Hold,3,Infrastructure
Project_399,2021-02-19,2021-03-27,224739,0.8970167766249927,David,On Hold,4,Biochemical
Project_400,2021-01-17,2021-08-28,151926,0.710125880161883,David,On Hold,1,Biochemical
Project_401,2021-04-29,2022-02-11,495226,0.6660620066641727,Sarah,Completed,5,Infrastructure
Project_402,2021-08-06,2021-11-12,180545,0.9010689892608721,Charlie,On Hold,1,Biochemical
Project_403,2021-01-04,2021-08-15,880401,0.5517217877032429,David,On Hold,4,Infrastructure
Project_404,2021-12-21,2022-03-02,271879,0.5455662061508577,Rachel,In Progress,3,Infrastructure
Project_405,2021-09-13,2022-05-16,555604,0.6862866293168677,Bob,In Progress,2,Infrastructure
Project_406,2021-08-01,2022-07-17,911985,0.6250932836317098,Alice,Completed,3,Mechanical
Project_407,2021-06-15,2022-02-12,379920,0.5669436093278066,Rachel,On Hold,4,Mechanical
Project_408,2021-11-15,2022-03-31,712655,0.7371449044945872,Sarah,Completed,4,Software
Project_409,2021-10-14,2022-04-18,614121,0.8966753657278681,David,On Hold,4,Infrastructure
Project_410,2021-12-29,2022-05-09,767453,0.5598599658435284,Sarah,On Hold,5,Mechanical
Project_411,2021-10-30,2022-10-22,74112,0.8795504899926296,Charlie,On Hold,3,Mechanical
Project_412,2021-12-06,2022-11-25,362768,0.7417792099967548,Rachel,On Hold,5,Software
Project_413,2021-02-18,2021-08-04,806664,0.789134513779199,David,On Hold,3,Biochemical
Project_414,2021-06-12,2021-12-03,486163,0.5380231830941058,Bob,On Hold,1,Biochemical
Project_415,2021-02-11,2021-08-10,818803,0.6428489866347921,Alice,In Progress,4,Biochemical
Project_416,2021-03-25,2021-08-12,104723,0.8547487933123451,David,Completed,2,Infrastructure
Project_417,2021-11-01,2021-12-14,943620,0.5719945230531184,Bob,On Hold,3,Electrical
Project_418,2021-02-16,2021-09-27,193528,0.729257722877551,Sarah,In Progress,3,Infrastructure
Project_419,2021-08-02,2021-12-27,209445,0.9347612064282116,Charlie,In Progress,1,Software
Project_420,2021-06-13,2021-08-19,59572,0.7824965578007861,Bob,On Hold,4,Electrical
Project_421,2021-07-03,2022-03-04,204377,0.7886978830121036,David,Completed,5,Mechanical
Project_422,2021-10-24,2022-09-10,21693,0.9079705986250921,Alice,In Progress,2,Infrastructure
Project_423,2021-09-25,2022-02-12,683563,0.8921007313610277,Charlie,In Progress,1,Electrical
Project_424,2021-03-20,2021-08-01,712524,0.7091407677250126,Rachel,In Progress,3,Biochemical
Project_425,2021-06-30,2022-02-26,709071,0.9123933152903767,Charlie,In Progress,2,Electrical
Project_426,2021-09-16,2022-04-20,282133,0.9642972902651017,Alice,Completed,2,Infrastructure
Project_427,2021-06-18,2021-11-24,233043,0.7000131388743653,Rachel,On Hold,4,Software
Project_428,2021-12-27,2022-10-13,476148,0.7443556664330429,Rachel,On Hold,4,Biochemical
Project_429,2021-12-21,2022-07-19,754776,0.8599765518431002,Charlie,In Progress,1,Biochemical
Project_430,2021-09-13,2021-12-11,292209,0.9539478561948549,Bob,In Progress,4,Electrical
Project_431,2021-01-05,2021-04-18,245929,0.677623543421503,Charlie,Completed,4,Biochemical
Project_432,2021-03-08,2022-03-08,656421,0.7407804999342376,Bob,On Hold,3,Infrastructure
Project_433,2021-11-26,2022-04-21,278540,0.6020180004178215,Sarah,Completed,3,Software
Project_434,2021-05-30,2021-11-06,257895,0.5937154796986751,David,Completed,5,Software
Project_435,2021-06-04,2022-02-20,69443,0.7559569455032589,David,In Progress,4,Mechanical
Project_436,2021-06-30,2022-05-19,250162,0.7746431894107122,Charlie,Completed,3,Electrical
Project_437,2021-06-11,2022-04-06,979728,0.9437518521565471,Rachel,On Hold,4,Biochemical
Project_438,2021-04-19,2022-03-10,329575,0.7585660354983053,Rachel,In Progress,3,Electrical
Project_439,2021-01-06,2021-04-17,549990,0.6873121418478204,Rachel,Completed,1,Infrastructure
Project_440,2021-05-28,2021-09-15,260005,0.5795921334259229,Charlie,On Hold,5,Biochemical
Project_441,2021-04-18,2022-04-15,911348,0.9704761970911588,David,Completed,3,Software
Project_442,2021-03-31,2021-07-09,160902,0.5621252176608903,Rachel,In Progress,2,Infrastructure
Project_443,2021-12-23,2022-12-03,809373,0.7059390159413598,David,On Hold,5,Infrastructure
Project_444,2021-03-20,2021-12-28,318025,0.9396223343810258,Bob,In Progress,4,Infrastructure
Project_445,2021-01-30,2021-06-01,436490,0.9068570569703052,Charlie,Completed,5,Biochemical
Project_446,2021-11-20,2022-07-30,571914,0.9150819954575263,Alice,On Hold,2,Mechanical
Project_447,2021-09-27,2021-12-13,680592,0.9809914026266732,Alice,Completed,4,Mechanical
Project_448,2021-02-01,2021-07-21,503480,0.5602038777456875,Bob,On Hold,4,Biochemical
Project_449,2021-12-19,2022-06-27,965494,0.6904408288419839,Charlie,In Progress,5,Infrastructure
Project_450,2021-06-05,2021-11-10,669450,0.902653638140343,Alice,Completed,3,Infrastructure
Project_451,2021-02-26,2021-10-22,778713,0.8794554686605829,Bob,Completed,2,Electrical
Project_452,2021-01-08,2021-10-31,213807,0.5729633505659981,Rachel,In Progress,5,Biochemical
Project_453,2021-03-17,2021-12-20,657317,0.7837414205845084,Alice,In Progress,2,Biochemical
Project_454,2021-06-17,2021-11-04,538257,0.7182999260604077,Alice,Completed,4,Biochemical
Project_455,2021-03-28,2021-05-30,400530,0.9701698410126455,Sarah,Completed,3,Biochemical
Project_456,2021-10-14,2022-02-17,891997,0.5537555021750733,David,In Progress,5,Biochemical
Project_457,2021-04-28,2021-08-21,147362,0.7386073615836853,David,Completed,1,Biochemical
Project_458,2021-07-21,2021-11-24,344550,0.9595522629167259,David,In Progress,5,Infrastructure
Project_459,2021-11-24,2022-07-16,232030,0.6497054001647279,Rachel,On Hold,1,Software
Project_460,2021-02-06,2021-09-24,814784,0.5467654828236184,Charlie,Completed,4,Biochemical
Project_461,2021-08-04,2022-01-17,841666,0.8777981925945437,Alice,Completed,2,Biochemical
Project_462,2021-02-10,2022-01-13,27971,0.8146098004080724,David,On Hold,4,Mechanical
Project_463,2021-01-18,2021-07-21,971294,0.6502817250692969,Charlie,In Progress,1,Mechanical
Project_464,2021-12-22,2022-02-22,231851,0.7114177418701857,Rachel,In Progress,5,Software
Project_465,2021-12-11,2022-08-04,903868,0.8276729149596118,Rachel,Completed,4,Software
Project_466,2021-11-21,2022-04-09,858439,0.5698814163536426,David,Completed,5,Electrical
Project_467,2021-01-23,2021-06-16,621465,0.7606740815813411,David,Completed,4,Biochemical
Project_468,2021-01-05,2021-11-27,520603,0.6477828295327983,Rachel,On Hold,5,Biochemical
Project_469,2021-02-18,2021-04-06,318705,0.679851018164302,David,Completed,3,Mechanical
Project_470,2021-10-03,2022-02-17,311066,0.7139456609675384,Sarah,On Hold,2,Electrical
Project_471,2021-07-11,2022-01-02,606430,0.8663739893333392,Charlie,On Hold,4,Biochemical
Project_472,2021-01-19,2021-03-21,492587,0.9351882123413795,Sarah,In Progress,5,Infrastructure
Project_473,2021-07-19,2022-01-21,210460,0.9187628909264546,Charlie,On Hold,5,Software
Project_474,2021-11-12,2021-12-31,156056,0.7956197979797923,Alice,On Hold,3,Infrastructure
Project_475,2021-07-18,2022-03-04,626645,0.8508430405334522,Alice,Completed,2,Software
Project_476,2021-04-17,2021-06-24,669197,0.9989475412868651,Alice,On Hold,3,Software
Project_477,2021-02-27,2021-07-20,357430,0.5392823470704243,Alice,On Hold,5,Electrical
Project_478,2021-02-26,2021-08-11,145142,0.9197390381720434,David,In Progress,4,Infrastructure
Project_479,2021-11-02,2022-07-22,504896,0.5569363377688257,Bob,Completed,5,Mechanical
Project_480,2021-11-13,2022-08-03,760865,0.7772233928955519,Rachel,In Progress,1,Infrastructure
Project_481,2021-08-14,2022-03-22,523010,0.8072084409798569,Alice,On Hold,4,Mechanical
Project_482,2021-08-07,2022-03-26,440842,0.6793118843979813,Sarah,On Hold,3,Electrical
Project_483,2021-04-18,2021-11-20,396791,0.9094985094611967,Bob,Completed,2,Software
Project_484,2021-10-15,2022-05-20,572560,0.909255435739461,Rachel,On Hold,3,Software
Project_485,2021-05-01,2021-10-04,428878,0.7751577560415721,Charlie,In Progress,1,Infrastructure
Project_486,2021-09-02,2022-02-24,735738,0.6721320429037045,Alice,Completed,4,Biochemical
Project_487,2021-07-03,2021-08-06,385497,0.7821524945158024,Alice,On Hold,3,Mechanical
Project_488,2021-08-23,2021-10-30,241430,0.8469077238898628,Charlie,On Hold,5,Electrical
Project_489,2021-12-18,2022-07-29,713015,0.537318977835878,Alice,Completed,3,Biochemical
Project_490,2021-08-02,2022-07-02,240145,0.9516898833845236,David,On Hold,1,Software
Project_491,2021-12-05,2022-09-09,30621,0.8823273831647713,Bob,In Progress,2,Software
Project_492,2021-08-05,2022-02-10,762683,0.8504459194511935,Charlie,Completed,4,Infrastructure
Project_493,2021-08-31,2022-06-25,482742,0.7687328908063051,Bob,Completed,1,Mechanical
Project_494,2021-01-15,2021-06-28,197922,0.6571174392255477,David,Completed,5,Software
Project_495,2021-01-24,2021-06-03,384184,0.7083608468507757,Charlie,Completed,5,Infrastructure
Project_496,2021-04-06,2022-02-20,285054,0.6641036180114437,David,In Progress,3,Infrastructure
Project_497,2021-10-02,2021-11-26,705869,0.6418438505265747,Sarah,On Hold,2,Software
Project_498,2021-03-01,2021-11-10,294195,0.5902559288231657,Alice,In Progress,4,Biochemical
Project_499,2021-05-17,2021-07-21,33471,0.7625265509991332,Sarah,In Progress,2,Biochemical
Project_500,2021-07-04,2022-04-08,157459,0.7565532091126392,David,On Hold,4,Mechanical
Project_501,2021-04-28,2021-12-07,570104,0.7500007748164341,Rachel,In Progress,3,Infrastructure
Project_502,2021-09-01,2022-04-12,984737,0.7391480216747092,Bob,In Progress,3,Biochemical
Project_503,2021-01-18,2021-07-16,97425,0.7080933134054355,Charlie,Completed,4,Infrastructure
Project_504,2021-04-08,2021-11-23,85535,0.9607334091934764,Sarah,On Hold,1,Mechanical
Project_505,2021-09-11,2022-01-18,459760,0.6406933326608805,Alice,Completed,5,Mechanical
Project_506,2021-01-14,2021-04-09,214149,0.7558899102067445,Rachel,Completed,3,Electrical
Project_507,2021-12-23,2022-01-24,106224,0.8348369490818882,Bob,On Hold,5,Infrastructure
Project_508,2021-03-12,2022-01-12,633287,0.5575248163506821,Charlie,On Hold,1,Mechanical
Project_509,2021-03-07,2021-06-08,701482,0.9435294587672969,Alice,On Hold,5,Software
Project_510,2021-09-26,2022-06-13,976798,0.557376761309581,Bob,On Hold,4,Infrastructure
Project_511,2021-09-28,2022-07-03,378942,0.6180296846088111,Rachel,On Hold,4,Software
Project_512,2021-09-30,2022-01-06,614147,0.6936191219876398,Charlie,On Hold,5,Biochemical
Project_513,2021-07-08,2021-08-23,873948,0.6136595272112828,Alice,Completed,4,Biochemical
Project_514,2021-09-16,2022-02-10,399393,0.7955381181746062,Sarah,Completed,3,Infrastructure
Project_515,2021-05-31,2021-07-27,74453,0.679853787016778,Alice,Completed,5,Biochemical
Project_516,2021-01-12,2021-07-11,186714,0.6594450761447014,Rachel,On Hold,4,Software
Project_517,2021-12-12,2022-06-14,488980,0.7106515594099261,Sarah,Completed,3,Infrastructure
Project_518,2021-10-04,2022-05-13,334267,0.5149483609232712,Charlie,On Hold,1,Infrastructure
Project_519,2021-05-29,2021-09-07,475097,0.6575213370644477,Rachel,On Hold,5,Infrastructure
Project_520,2021-03-14,2021-06-02,302734,0.7263333376165361,Charlie,In Progress,5,Mechanical
Project_521,2021-07-14,2021-12-08,901191,0.7432444107308913,David,On Hold,4,Software
Project_522,2021-02-07,2021-10-28,599463,0.5081407433768068,Alice,In Progress,3,Infrastructure
Project_523,2021-04-29,2021-06-03,867311,0.8128980641976871,Sarah,On Hold,2,Biochemical
Project_524,2021-01-16,2021-04-08,600618,0.8460047114425061,Bob,On Hold,5,Biochemical
Project_525,2021-07-23,2021-09-03,302329,0.5919839222038563,Alice,In Progress,5,Biochemical
Project_526,2021-10-21,2022-06-04,461630,0.6722809190379601,David,On Hold,3,Infrastructure
Project_527,2021-11-26,2022-01-15,502848,0.8017968895798852,Alice,In Progress,5,Software
Project_528,2021-12-06,2022-04-20,452622,0.5187547804202923,David,On Hold,1,Biochemical
Project_529,2021-12-21,2022-02-23,979039,0.7395160925405537,Sarah,On Hold,5,Electrical
Project_530,2021-02-11,2021-12-03,901673,0.8294198855168875,Charlie,Completed,2,Electrical
Project_531,2021-01-06,2021-07-31,871880,0.7146241368088488,Rachel,In Progress,2,Biochemical
Project_532,2021-01-09,2021-05-01,110705,0.6854462808615952,Charlie,Completed,1,Infrastructure
Project_533,2021-01-15,2022-01-05,509587,0.5515981033154167,David,Completed,3,Biochemical
Project_534,2021-06-17,2021-11-25,81001,0.5743869820831,Bob,On Hold,4,Electrical
Project_535,2021-10-23,2022-05-02,254273,0.8334788465643389,Sarah,On Hold,4,Mechanical
Project_536,2021-03-09,2021-10-23,933240,0.6919696096173804,Charlie,Completed,2,Electrical
Project_537,2021-08-09,2022-02-15,859301,0.5654072467394722,Sarah,Completed,5,Electrical
Project_538,2021-01-20,2021-06-23,576865,0.6641285654117559,Rachel,On Hold,3,Biochemical
Project_539,2021-02-08,2021-11-22,550578,0.5616190990702326,Bob,In Progress,4,Biochemical
Project_540,2021-11-24,2022-08-29,644811,0.7656559411710402,Charlie,On Hold,5,Software
Project_541,2021-08-27,2022-08-07,957636,0.5417885067867103,Rachel,Completed,2,Biochemical
Project_542,2021-09-12,2022-01-29,184391,0.5523724484765199,Sarah,Completed,1,Infrastructure
Project_543,2021-02-02,2021-10-20,912965,0.503526951329381,Charlie,Completed,2,Electrical
Project_544,2021-04-13,2022-03-16,475293,0.7198662574246679,Charlie,On Hold,4,Biochemical
Project_545,2021-03-03,2021-11-15,891462,0.8822810091412114,Alice,On Hold,2,Mechanical
Project_546,2021-08-21,2022-08-15,776828,0.8549590434529554,Charlie,Completed,1,Software
Project_547,2021-07-30,2021-10-18,580555,0.5611503527937289,Alice,On Hold,5,Biochemical
Project_548,2021-11-22,2022-07-17,832708,0.8822183107487699,Charlie,On Hold,1,Biochemical
Project_549,2021-07-15,2022-02-13,14391,0.9369750164952306,Sarah,On Hold,4,Electrical
Project_550,2021-04-16,2021-10-25,723195,0.6781271659861785,Sarah,Completed,5,Mechanical
Project_551,2021-10-09,2022-04-16,568710,0.7327461839342996,Sarah,In Progress,5,Infrastructure
Project_552,2021-03-13,2021-08-08,66406,0.6561520057584773,David,In Progress,4,Mechanical
Project_553,2021-10-02,2022-05-18,368578,0.7142952684153585,Alice,Completed,3,Infrastructure
Project_554,2021-02-17,2021-07-04,388184,0.5087565683586599,Rachel,Completed,2,Electrical
Project_555,2021-02-17,2021-11-23,333585,0.9189257562663139,David,In Progress,5,Infrastructure
Project_556,2021-08-11,2022-06-28,900878,0.6556344464269208,David,In Progress,5,Infrastructure
Project_557,2021-10-06,2022-02-10,978145,0.6083627003443457,Alice,Completed,5,Infrastructure
Project_558,2021-04-22,2022-03-28,294196,0.8094291853280187,Charlie,On Hold,1,Biochemical
Project_559,2021-05-26,2022-02-27,240547,0.9136980363258417,Sarah,On Hold,3,Infrastructure
Project_560,2021-03-29,2022-02-10,870214,0.5433185936013345,Alice,In Progress,1,Biochemical
Project_561,2021-03-18,2021-11-02,336959,0.5094363880918763,Sarah,In Progress,3,Electrical
Project_562,2021-03-19,2021-10-25,439579,0.5532444869573416,David,On Hold,3,Biochemical
Project_563,2021-03-22,2021-08-30,608793,0.5594697461659732,Alice,Completed,4,Mechanical
Project_564,2021-05-04,2022-04-05,926756,0.880080965310253,Sarah,In Progress,2,Biochemical
Project_565,2021-03-22,2022-02-14,628865,0.8034596926659296,Bob,Completed,4,Mechanical
Project_566,2021-02-12,2021-12-07,708834,0.8550215678412865,Sarah,In Progress,2,Biochemical
Project_567,2021-06-17,2021-08-19,527373,0.8112723573307841,Charlie,Completed,3,Mechanical
Project_568,2021-06-29,2022-03-30,620368,0.7839436590631063,Charlie,On Hold,5,Software
Project_569,2021-11-26,2022-06-05,161845,0.5419004733870566,Alice,In Progress,1,Infrastructure
Project_570,2021-12-18,2022-05-16,616566,0.6058281928017737,David,In Progress,5,Software
Project_571,2021-07-19,2021-12-23,940496,0.7003032574428003,Bob,In Progress,4,Biochemical
Project_572,2021-10-14,2022-01-23,48600,0.9153883185044143,Sarah,On Hold,4,Biochemical
Project_573,2021-03-12,2021-06-01,10335,0.5347486656280268,Charlie,In Progress,1,Software
Project_574,2021-10-18,2022-05-06,254920,0.6264583417249714,Charlie,In Progress,1,Infrastructure
Project_575,2021-05-18,2021-10-10,796412,0.8464251828925067,Alice,Completed,1,Mechanical
Project_576,2021-01-15,2021-11-09,601938,0.8316933749715869,Charlie,In Progress,3,Mechanical
Project_577,2021-10-17,2022-03-17,362748,0.6857065185580338,Rachel,In Progress,1,Software
Project_578,2021-11-05,2022-10-23,631375,0.651625315741438,Sarah,In Progress,4,Biochemical
Project_579,2021-11-25,2022-04-30,951720,0.6447081235028826,David,On Hold,2,Software
Project_580,2021-07-25,2021-10-12,460387,0.9168149191273496,Alice,In Progress,2,Software
Project_581,2021-07-28,2021-11-14,621591,0.9208817477767941,Rachel,On Hold,1,Mechanical
Project_582,2021-01-05,2021-07-15,932563,0.8092233812284056,Alice,In Progress,1,Electrical
Project_583,2021-06-08,2022-01-30,52990,0.659213725185041,David,Completed,3,Software
Project_584,2021-10-19,2022-05-04,184848,0.8338361704226729,Alice,In Progress,2,Mechanical
Project_585,2021-10-05,2022-09-21,703102,0.5529072676516682,Charlie,Completed,2,Software
Project_586,2021-03-19,2021-05-20,922399,0.5352817471320576,Bob,Completed,5,Software
Project_587,2021-03-27,2021-09-18,55648,0.7615141197148596,Charlie,On Hold,5,Software
Project_588,2021-12-16,2022-07-01,61107,0.9015877666682314,Bob,In Progress,1,Electrical
Project_589,2021-10-27,2022-01-02,272500,0.7160945502469429,Bob,In Progress,4,Software
Project_590,2021-09-16,2022-07-07,382999,0.9186099865483688,Alice,In Progress,2,Mechanical
Project_591,2021-02-22,2021-10-31,326085,0.5368121868105225,David,In Progress,2,Infrastructure
Project_592,2021-12-08,2022-09-23,633993,0.7774398639772861,Charlie,In Progress,1,Infrastructure
Project_593,2021-09-21,2022-05-22,610549,0.9279810290204722,David,Completed,5,Biochemical
Project_594,2021-06-06,2022-04-10,527091,0.6307113851838237,David,In Progress,2,Infrastructure
Project_595,2021-06-02,2021-12-24,300051,0.9474938483722959,Charlie,On Hold,5,Mechanical
Project_596,2021-04-12,2021-07-21,284604,0.9102879936372985,Rachel,On Hold,4,Infrastructure
Project_597,2021-12-18,2022-10-08,317140,0.7069544046873544,David,Completed,4,Electrical
Project_598,2021-12-11,2022-02-17,583848,0.7031186064665274,Charlie,On Hold,3,Mechanical
Project_599,2021-12-14,2022-02-02,361470,0.9055448608789911,Rachel,On Hold,3,Biochemical
Project_600,2021-10-28,2022-02-23,991869,0.7307106082041605,David,Completed,2,Infrastructure
Project_601,2021-09-22,2022-05-19,981450,0.5615092378711044,Bob,Completed,1,Electrical
Project_602,2021-07-17,2022-06-14,185235,0.7837604294405047,David,Completed,2,Infrastructure
Project_603,2021-02-07,2022-01-16,224068,0.5468816929107567,Rachel,In Progress,1,Biochemical
Project_604,2021-12-26,2022-11-16,809627,0.8285129070237707,David,Completed,2,Infrastructure
Project_605,2021-09-05,2022-07-10,927945,0.6872089748339136,Bob,On Hold,2,Electrical
Project_606,2021-02-21,2021-05-23,770572,0.8862025466579124,David,Completed,4,Infrastructure
Project_607,2021-12-29,2022-03-16,242250,0.5109459031744819,David,Completed,2,Software
Project_608,2021-06-20,2021-08-07,999089,0.529383396938969,David,Completed,2,Infrastructure
Project_609,2021-10-27,2022-02-16,764854,0.8394546870962074,Rachel,In Progress,4,Biochemical
Project_610,2021-04-29,2021-09-11,430305,0.7130326999974663,Alice,Completed,2,Electrical
Project_611,2021-01-31,2021-07-07,813985,0.6854664599409528,Sarah,In Progress,4,Software
Project_612,2021-06-12,2022-02-21,297902,0.9429243719510004,Rachel,In Progress,3,Software
Project_613,2021-09-13,2022-07-18,947982,0.8601691958686202,David,Completed,1,Infrastructure
Project_614,2021-04-10,2021-11-29,357658,0.5048100195843974,Sarah,In Progress,3,Biochemical
Project_615,2021-09-28,2022-03-09,199623,0.5959162747862179,Bob,On Hold,4,Biochemical
Project_616,2021-03-29,2021-11-24,783743,0.53317678242024,Sarah,In Progress,3,Electrical
Project_617,2021-12-24,2022-11-05,575415,0.8678601196379074,Bob,Completed,3,Software
Project_618,2021-10-18,2022-08-06,191455,0.9554721697436702,David,Completed,5,Electrical
Project_619,2021-01-28,2021-07-08,535423,0.7302456601816929,Sarah,Completed,5,Mechanical
Project_620,2021-02-25,2021-12-12,485589,0.5984543948470853,Sarah,Completed,1,Software
Project_621,2021-06-03,2022-05-04,237014,0.9149861392373155,Bob,On Hold,2,Mechanical
Project_622,2021-04-17,2021-07-09,468594,0.6402840567540277,Rachel,In Progress,3,Mechanical
Project_623,2021-07-01,2022-03-03,544701,0.812093554466823,David,Completed,5,Software
Project_624,2021-10-14,2022-09-13,896011,0.9957266431903573,Bob,On Hold,1,Infrastructure
Project_625,2021-10-10,2022-04-19,915224,0.6223372064986805,Sarah,Completed,1,Infrastructure
Project_626,2021-07-08,2021-11-26,596055,0.5364642915777436,David,In Progress,2,Biochemical
Project_627,2021-11-27,2022-04-19,132750,0.8340837329691977,Sarah,Completed,3,Mechanical
Project_628,2021-03-11,2021-12-06,416102,0.7601048177790808,Alice,On Hold,3,Infrastructure
Project_629,2021-04-26,2022-04-10,158782,0.9382858231696442,Sarah,Completed,3,Biochemical
Project_630,2021-05-10,2021-11-05,695385,0.8382880650968066,David,In Progress,2,Electrical
Project_631,2021-03-22,2022-01-05,395959,0.6277719848229761,Sarah,Completed,3,Mechanical
Project_632,2021-12-09,2022-03-07,794352,0.9020160609521359,Bob,In Progress,3,Electrical
Project_633,2021-05-22,2021-08-07,643530,0.6683189056931993,Rachel,Completed,1,Mechanical
Project_634,2021-05-09,2021-12-08,845731,0.9694660355635027,Rachel,In Progress,1,Software
Project_635,2021-02-22,2021-04-24,96814,0.73410611921146,Alice,Completed,3,Mechanical
Project_636,2021-02-04,2021-05-01,858954,0.9175766990497518,David,In Progress,4,Biochemical
Project_637,2021-01-21,2021-10-25,893702,0.7190492206376045,Bob,Completed,3,Biochemical
Project_638,2021-02-22,2022-01-21,369696,0.9148726222410066,Charlie,In Progress,1,Electrical
Project_639,2021-01-25,2021-03-12,830792,0.6430618392633853,Rachel,In Progress,2,Electrical
Project_640,2021-05-25,2021-07-04,19033,0.7542396319276199,Bob,On Hold,5,Biochemical
Project_641,2021-04-20,2022-03-09,235145,0.6580215607521672,Alice,Completed,4,Electrical
Project_642,2021-03-15,2021-08-13,521682,0.8382889292847429,Sarah,Completed,4,Software
Project_643,2021-12-09,2022-11-11,701295,0.8706517528402944,David,In Progress,3,Biochemical
Project_644,2021-12-13,2022-05-19,121152,0.8318481351805014,David,Completed,5,Mechanical
Project_645,2021-11-11,2022-03-24,575043,0.8636496701110945,David,Completed,1,Mechanical
Project_646,2021-01-06,2021-08-17,839127,0.8849671238059938,Charlie,In Progress,5,Software
Project_647,2021-11-30,2022-04-24,162573,0.7765432567197228,David,In Progress,3,Software
Project_648,2021-11-10,2022-06-12,299067,0.9754806815143358,Charlie,On Hold,5,Electrical
Project_649,2021-03-08,2021-11-02,529174,0.5312104008103662,Charlie,In Progress,1,Biochemical
Project_650,2021-07-20,2022-03-30,29596,0.8635641603084061,David,On Hold,1,Electrical
Project_651,2021-10-26,2022-10-21,282230,0.7159215593956889,Sarah,Completed,4,Mechanical
Project_652,2021-07-20,2021-12-23,354687,0.7088358920968272,Rachel,On Hold,5,Electrical
Project_653,2021-04-24,2021-07-05,652881,0.9374227467450216,Charlie,On Hold,5,Infrastructure
Project_654,2021-03-15,2022-02-14,370368,0.5343909378156727,Rachel,In Progress,3,Software
Project_655,2021-01-25,2021-11-06,865921,0.8981650114323423,Charlie,On Hold,4,Biochemical
Project_656,2021-11-14,2022-09-29,543555,0.6592661391954775,Alice,On Hold,5,Mechanical
Project_657,2021-04-05,2021-08-27,625815,0.6386705982749313,Rachel,Completed,4,Infrastructure
Project_658,2021-07-07,2021-10-13,619199,0.8670428680080371,Sarah,In Progress,4,Biochemical
Project_659,2021-07-29,2021-12-02,585859,0.926976075835171,Bob,On Hold,1,Software
Project_660,2021-01-19,2021-06-16,345314,0.8701683822684048,Charlie,In Progress,5,Biochemical
Project_661,2021-05-25,2021-07-21,134627,0.9564343845965555,Alice,On Hold,5,Electrical
Project_662,2021-11-28,2022-10-18,573713,0.7202730273003035,Charlie,In Progress,5,Mechanical
Project_663,2021-02-12,2021-12-07,372681,0.9424960228160852,Rachel,On Hold,3,Mechanical
Project_664,2021-11-05,2022-08-16,626246,0.5471351187416371,Rachel,Completed,3,Electrical
Project_665,2021-06-04,2021-12-14,638003,0.6217534088407366,Alice,Completed,1,Mechanical
Project_666,2021-07-30,2022-01-20,303057,0.956424209454987,Alice,Completed,1,Software
Project_667,2021-11-23,2021-12-25,792854,0.5863442908577763,David,Completed,2,Biochemical
Project_668,2021-04-02,2022-01-16,59196,0.6135275649299284,Alice,Completed,4,Biochemical
Project_669,2021-02-14,2021-08-14,803881,0.7972622729052401,Bob,In Progress,3,Mechanical
Project_670,2021-12-01,2022-07-27,13299,0.6609220841573706,David,In Progress,2,Software
Project_671,2021-03-16,2021-11-27,371946,0.5860633248789405,Bob,In Progress,2,Electrical
Project_672,2021-07-03,2022-04-11,642631,0.8293416600654814,Alice,In Progress,1,Biochemical
Project_673,2021-11-02,2022-09-08,725005,0.9598801906013887,Rachel,In Progress,4,Mechanical
Project_674,2021-10-09,2022-05-24,82739,0.5749034246869147,Alice,In Progress,1,Software
Project_675,2021-06-08,2022-04-10,579040,0.5289201923669464,Rachel,On Hold,3,Mechanical
Project_676,2021-09-16,2021-10-29,674886,0.9528733350649393,Rachel,On Hold,2,Infrastructure
Project_677,2021-07-03,2021-09-25,876869,0.8445845825754167,Sarah,On Hold,1,Software
Project_678,2021-12-05,2022-03-01,32247,0.5095468080958667,Charlie,In Progress,4,Electrical
Project_679,2021-06-04,2022-05-19,886085,0.9159061927574246,Bob,Completed,3,Software
Project_680,2021-04-02,2022-01-10,597673,0.5142211870209478,Bob,On Hold,4,Infrastructure
Project_681,2021-06-26,2021-12-01,902600,0.776473190585243,David,Completed,5,Electrical
Project_682,2021-11-04,2022-03-24,76517,0.8721505469414597,Alice,On Hold,5,Software
Project_683,2021-12-03,2022-11-03,478343,0.5101178171865843,Charlie,In Progress,2,Biochemical
Project_684,2021-10-26,2022-02-15,577069,0.8276100790858734,Bob,Completed,2,Infrastructure
Project_685,2021-07-29,2022-05-14,458528,0.6231895673643202,David,Completed,4,Mechanical
Project_686,2021-12-02,2022-11-20,817527,0.7978531544832261,Bob,Completed,3,Mechanical
Project_687,2021-03-26,2022-03-19,461999,0.7700094944281402,Sarah,Completed,1,Mechanical
Project_688,2021-02-18,2021-09-28,292530,0.9566532567974353,Bob,On Hold,5,Infrastructure
Project_689,2021-04-10,2021-12-14,762969,0.703479201175118,Sarah,In Progress,1,Biochemical
Project_690,2021-01-13,2021-09-15,983836,0.8607776803223028,Charlie,In Progress,2,Electrical
Project_691,2021-08-13,2022-07-22,105392,0.8832245311250289,Rachel,In Progress,5,Infrastructure
Project_692,2021-10-31,2022-04-13,332535,0.7740155214484472,Bob,Completed,2,Electrical
Project_693,2021-01-30,2021-07-20,620301,0.9841598669028273,Bob,Completed,3,Software
Project_694,2021-04-20,2021-10-02,164764,0.6617363283661402,Sarah,Completed,2,Software
Project_695,2021-03-27,2022-01-24,938987,0.6164615284861923,Charlie,On Hold,3,Mechanical
Project_696,2021-09-25,2022-06-25,116908,0.6297159401121601,Alice,In Progress,2,Software
Project_697,2021-01-29,2021-12-18,686246,0.6309865107117307,David,In Progress,1,Mechanical
Project_698,2021-08-23,2021-12-25,710106,0.5501745095669042,Alice,Completed,4,Electrical
Project_699,2021-09-28,2022-04-17,432386,0.5767054920425951,David,Completed,5,Electrical
Project_700,2021-12-25,2022-03-14,214397,0.7912971525648678,Alice,Completed,2,Biochemical
Project_701,2021-06-13,2022-05-01,727927,0.6050579289892848,Charlie,On Hold,3,Electrical
Project_702,2021-03-05,2022-02-24,872796,0.5882288730544101,Alice,In Progress,2,Software
Project_703,2021-10-31,2022-08-29,84484,0.6920633422348125,Rachel,Completed,1,Software
Project_704,2021-04-01,2021-10-05,282981,0.5158046565554781,Charlie,In Progress,2,Electrical
Project_705,2021-01-05,2021-03-01,803452,0.846865253692257,Charlie,Completed,1,Mechanical
Project_706,2021-10-13,2021-12-07,89676,0.7511669601287376,David,In Progress,1,Software
Project_707,2021-03-22,2021-07-14,486347,0.6638164380560224,Alice,Completed,2,Electrical
Project_708,2021-03-25,2021-09-28,152343,0.6695797895916045,Sarah,Completed,3,Electrical
Project_709,2021-08-23,2022-05-01,575581,0.6935542625930293,Charlie,On Hold,1,Infrastructure
Project_710,2021-07-24,2022-05-07,871619,0.8567909325872656,David,In Progress,4,Infrastructure
Project_711,2021-10-09,2022-08-29,231358,0.921331496525398,Bob,On Hold,1,Electrical
Project_712,2021-11-22,2022-05-27,841367,0.8877483447199228,Alice,On Hold,2,Software
Project_713,2021-01-24,2021-08-30,905807,0.8160354540712867,Sarah,In Progress,3,Mechanical
Project_714,2021-11-20,2022-07-03,702457,0.5453673074866949,Sarah,In Progress,1,Software
Project_715,2021-09-21,2022-03-31,521070,0.7091436578270645,Alice,In Progress,5,Electrical
Project_716,2021-01-06,2021-12-25,708712,0.6557041526863885,Bob,On Hold,1,Biochemical
Project_717,2021-11-21,2022-08-03,946973,0.505079653083613,Alice,Completed,1,Mechanical
Project_718,2021-01-24,2021-03-11,653682,0.7357278595405394,Charlie,Completed,4,Infrastructure
Project_719,2021-09-30,2021-11-10,47602,0.8499112969474273,Sarah,In Progress,1,Electrical
Project_720,2021-07-27,2022-01-06,869975,0.5720270400893224,Rachel,Completed,4,Mechanical
Project_721,2021-04-16,2021-05-18,926412,0.6756973805569402,Bob,In Progress,2,Electrical
Project_722,2021-01-19,2021-03-12,478134,0.6685264501759737,Rachel,In Progress,4,Mechanical
Project_723,2021-09-30,2021-12-27,843203,0.8650126392217097,Alice,Completed,4,Infrastructure
Project_724,2021-03-29,2021-06-27,945376,0.6373931219442543,Sarah,On Hold,4,Electrical
Project_725,2021-10-19,2022-08-09,434214,0.8518774145768493,Charlie,Completed,1,Infrastructure
Project_726,2021-04-06,2021-09-24,160826,0.5985278011934884,Alice,Completed,5,Mechanical
Project_727,2021-03-22,2022-01-25,889264,0.5769506710874892,David,On Hold,4,Mechanical
Project_728,2021-10-08,2022-02-10,700485,0.7274516107525594,Charlie,On Hold,1,Electrical
Project_729,2021-09-13,2022-04-04,80914,0.8274073523929082,Sarah,Completed,2,Biochemical
Project_730,2021-08-19,2021-11-04,698735,0.7750235209307785,Alice,In Progress,4,Infrastructure
Project_731,2021-10-26,2022-09-27,737783,0.70760225609157,Sarah,In Progress,3,Mechanical
Project_732,2021-12-02,2022-08-04,150067,0.8305397596920838,Sarah,In Progress,5,Electrical
Project_733,2021-05-26,2021-07-26,170560,0.520069619422441,David,Completed,3,Software
Project_734,2021-12-31,2022-03-27,367261,0.7990541305591774,Rachel,Completed,5,Mechanical
Project_735,2021-05-13,2022-05-08,623145,0.8901940538198696,David,On Hold,4,Software
Project_736,2021-04-13,2021-08-06,733134,0.565133337895319,Rachel,In Progress,1,Software
Project_737,2021-04-05,2022-01-27,528527,0.7238064445500734,Bob,Completed,4,Software
Project_738,2021-12-31,2022-07-10,278194,0.9613745510019415,Sarah,In Progress,1,Biochemical
Project_739,2021-09-16,2022-06-11,678124,0.8021388239467495,Rachel,On Hold,3,Infrastructure
Project_740,2021-06-17,2022-03-13,915364,0.7432315771464809,Bob,On Hold,4,Biochemical
Project_741,2021-12-06,2022-06-11,877042,0.9032520305150167,Bob,Completed,2,Biochemical
Project_742,2021-03-14,2021-05-11,415444,0.776048486854344,Charlie,On Hold,3,Mechanical
Project_743,2021-05-04,2021-09-18,889913,0.928265109733784,Rachel,In Progress,4,Infrastructure
Project_744,2021-11-26,2022-02-11,928378,0.7289884526224357,Charlie,Completed,5,Biochemical
Project_745,2021-05-26,2021-12-05,826634,0.8405863116445575,Rachel,In Progress,5,Software
Project_746,2021-03-19,2022-03-08,179674,0.9738053909025488,David,On Hold,3,Software
Project_747,2021-10-27,2022-05-02,812213,0.8296190160369492,Charlie,In Progress,5,Mechanical
Project_748,2021-04-03,2021-09-15,323472,0.8168772482446349,Sarah,In Progress,4,Software
Project_749,2021-04-20,2021-07-07,815871,0.5171299397780253,David,In Progress,1,Software
Project_750,2021-04-05,2021-09-19,787520,0.609906952840167,Charlie,Completed,3,Biochemical
Project_751,2021-07-24,2021-09-12,808014,0.7876855827657399,Alice,In Progress,3,Software
Project_752,2021-11-28,2022-08-19,305144,0.5107715314841124,Charlie,On Hold,2,Biochemical
Project_753,2021-07-12,2022-01-27,555050,0.6597298711537449,Charlie,In Progress,3,Software
Project_754,2021-09-29,2022-01-14,31281,0.6680726036001023,Bob,In Progress,2,Electrical
Project_755,2021-11-21,2022-06-02,707450,0.6591741037350828,Charlie,On Hold,1,Infrastructure
Project_756,2021-07-03,2021-10-11,543812,0.6771696344491865,David,On Hold,2,Mechanical
Project_757,2021-12-16,2022-11-07,294544,0.6993577025884046,David,Completed,2,Software
Project_758,2021-12-25,2022-06-14,242316,0.9088106957251537,Bob,In Progress,3,Biochemical
Project_759,2021-05-14,2022-04-17,477484,0.5991703199462954,Sarah,On Hold,5,Biochemical
Project_760,2021-06-11,2022-06-07,133234,0.9385308989649768,Bob,Completed,3,Software
Project_761,2021-09-03,2022-03-20,20190,0.8744725653224916,David,On Hold,5,Infrastructure
Project_762,2021-02-18,2021-06-25,192366,0.9897168189007717,Bob,In Progress,2,Software
Project_763,2021-01-11,2022-01-09,738056,0.6217922383325718,David,On Hold,1,Electrical
Project_764,2021-12-22,2022-08-01,240453,0.7526906758868579,David,In Progress,2,Software
Project_765,2021-04-01,2021-09-15,950851,0.8784604399792512,Bob,On Hold,3,Biochemical
Project_766,2021-08-21,2022-06-28,234609,0.7728944553569224,Alice,Completed,4,Biochemical
Project_767,2021-02-05,2021-03-15,905129,0.9868126791081845,Charlie,In Progress,2,Biochemical
Project_768,2021-12-22,2022-03-07,80745,0.6054533966600897,Sarah,Completed,5,Software
Project_769,2021-05-16,2021-12-25,853156,0.9992716605266951,Charlie,On Hold,1,Software
Project_770,2021-04-12,2021-10-10,176724,0.8908899063330933,Alice,Completed,2,Biochemical
Project_771,2021-11-21,2022-11-06,129485,0.7915382712602665,Charlie,Completed,4,Infrastructure
Project_772,2021-04-18,2021-12-08,719657,0.8194910725487953,David,Completed,3,Biochemical
Project_773,2021-12-21,2022-10-04,362666,0.6420645172167656,Sarah,In Progress,2,Infrastructure
Project_774,2021-06-30,2021-09-08,552229,0.8808366285055762,Rachel,In Progress,1,Infrastructure
Project_775,2021-05-30,2021-07-09,399163,0.634042958757868,Bob,In Progress,5,Infrastructure
Project_776,2021-07-13,2022-07-11,720182,0.8432142437717329,Rachel,In Progress,2,Infrastructure
Project_777,2021-03-02,2021-10-25,775392,0.602268946290272,Rachel,On Hold,4,Mechanical
Project_778,2021-11-15,2022-06-26,45910,0.7446284438573977,Alice,On Hold,2,Biochemical
Project_779,2021-01-22,2022-01-07,52527,0.5775658562870523,David,In Progress,1,Mechanical
Project_780,2021-01-25,2021-11-08,632147,0.6332436208262708,David,Completed,5,Electrical
Project_781,2021-05-09,2021-12-12,703429,0.5869239482235368,Alice,On Hold,3,Electrical
Project_782,2021-04-02,2022-03-26,741938,0.5621012101117433,Alice,In Progress,1,Electrical
Project_783,2021-02-23,2021-06-12,147052,0.9216600782830869,David,Completed,1,Infrastructure
Project_784,2021-08-04,2021-12-05,909149,0.5218133421327038,David,In Progress,3,Mechanical
Project_785,2021-06-04,2022-04-14,277221,0.531113497294513,Sarah,Completed,2,Software
Project_786,2021-04-24,2022-03-28,720956,0.7142193934026537,Sarah,Completed,2,Infrastructure
Project_787,2021-11-20,2022-08-13,943817,0.5440052298052513,Charlie,In Progress,5,Mechanical
Project_788,2021-11-05,2022-01-04,238492,0.8025108340198527,Sarah,Completed,3,Infrastructure
Project_789,2021-01-20,2022-01-20,511148,0.5352901668163756,Sarah,On Hold,1,Biochemical
Project_790,2021-11-10,2022-03-19,142295,0.8454436372312251,Sarah,In Progress,2,Biochemical
Project_791,2021-05-23,2021-08-14,807794,0.9175341001698873,Alice,On Hold,4,Biochemical
Project_792,2021-07-05,2021-11-23,845848,0.8257759469441426,Charlie,On Hold,2,Biochemical
Project_793,2021-03-07,2021-10-04,501024,0.9249479473206905,Alice,Completed,1,Mechanical
Project_794,2021-04-22,2022-03-23,988095,0.688758268200355,Bob,On Hold,5,Biochemical
Project_795,2021-02-20,2021-11-24,172379,0.9198800326087031,Rachel,On Hold,4,Biochemical
Project_796,2021-07-30,2022-04-17,813717,0.8163605122979823,Sarah,Completed,1,Biochemical
Project_797,2021-12-03,2022-01-16,392365,0.8163011740752868,Bob,In Progress,3,Mechanical
Project_798,2021-04-17,2021-09-10,309061,0.9235051584849648,Charlie,Completed,3,Infrastructure
Project_799,2021-04-25,2022-03-23,579748,0.9134274484864403,Bob,In Progress,3,Software
Project_800,2021-03-27,2021-10-05,862908,0.5444344314436481,Rachel,Completed,2,Electrical
Project_801,2021-06-03,2021-12-06,574100,0.6115775528697749,Rachel,In Progress,3,Mechanical
Project_802,2021-07-06,2022-04-01,287389,0.5596155816267865,Bob,On Hold,1,Software
Project_803,2021-06-18,2022-02-06,338246,0.8838801955486928,Rachel,Completed,2,Biochemical
Project_804,2021-08-19,2021-12-17,96541,0.5139578612409083,Bob,On Hold,3,Biochemical
Project_805,2021-01-15,2021-12-24,608390,0.7988141878998247,Alice,Completed,3,Biochemical
Project_806,2021-12-13,2022-08-14,967402,0.6995310392659033,Sarah,On Hold,4,Electrical
Project_807,2021-10-21,2022-10-01,303452,0.8865798052167038,Bob,Completed,4,Biochemical
Project_808,2021-02-13,2021-10-27,617559,0.8833189735047706,Charlie,Completed,1,Electrical
Project_809,2021-12-28,2022-04-28,818701,0.6364053723666916,Sarah,In Progress,5,Electrical
Project_810,2021-07-30,2021-10-20,315341,0.674578896172779,Bob,Completed,3,Electrical
Project_811,2021-04-14,2021-12-14,148107,0.5260451357255724,Sarah,Completed,5,Software
Project_812,2021-07-17,2022-02-21,933877,0.9060759481542134,Bob,In Progress,4,Mechanical
Project_813,2021-02-06,2021-06-05,248385,0.9519793592669556,Sarah,On Hold,2,Infrastructure
Project_814,2021-05-16,2021-09-28,502764,0.8855888005501618,Bob,In Progress,3,Software
Project_815,2021-09-08,2021-10-09,193004,0.653944570837453,Bob,On Hold,2,Biochemical
Project_816,2021-11-13,2022-07-13,427992,0.9296741913247892,Sarah,Completed,3,Mechanical
Project_817,2021-02-09,2022-01-17,285055,0.7333344799934407,Sarah,Completed,1,Mechanical
Project_818,2021-02-01,2021-03-06,660605,0.651769058416741,Charlie,On Hold,3,Software
Project_819,2021-04-25,2022-01-30,396792,0.7772074499353809,Bob,Completed,2,Infrastructure
Project_820,2021-11-08,2022-04-10,110726,0.7234217422217639,Bob,In Progress,1,Biochemical
Project_821,2021-09-04,2022-07-25,836593,0.946247853656341,Bob,In Progress,5,Mechanical
Project_822,2021-06-30,2022-05-17,871477,0.6083590777669043,Bob,On Hold,1,Electrical
Project_823,2021-11-03,2022-10-03,103288,0.8927264601944208,David,On Hold,2,Biochemical
Project_824,2021-08-21,2022-04-23,353319,0.5107031641288055,Charlie,Completed,1,Mechanical
Project_825,2021-01-16,2021-03-16,445023,0.5518030116662962,Rachel,On Hold,1,Biochemical
Project_826,2021-09-06,2021-11-14,462794,0.6173646652940415,Charlie,In Progress,2,Biochemical
Project_827,2021-01-21,2021-10-22,107374,0.52316105543498,Charlie,On Hold,1,Biochemical
Project_828,2021-06-28,2022-03-17,898047,0.5734002059104939,Alice,In Progress,5,Software
Project_829,2021-12-25,2022-11-21,26089,0.7353245201868006,Alice,Completed,4,Software
Project_830,2021-02-05,2021-12-02,16502,0.9784101247100657,Rachel,On Hold,3,Software
Project_831,2021-12-04,2022-05-30,710953,0.9323957627449029,Rachel,Completed,5,Infrastructure
Project_832,2021-12-16,2022-03-24,942213,0.6710986190487616,Bob,In Progress,5,Biochemical
Project_833,2021-10-15,2022-06-10,465863,0.6399036143154897,David,In Progress,3,Software
Project_834,2021-05-06,2022-01-24,166454,0.5187616717488375,David,In Progress,5,Biochemical
Project_835,2021-07-02,2022-05-09,880107,0.9946545763306409,Bob,On Hold,4,Software
Project_836,2021-02-01,2021-06-17,18585,0.9244263121507994,Bob,On Hold,3,Electrical
Project_837,2021-08-30,2022-07-02,678172,0.6341172844881204,Sarah,On Hold,2,Mechanical
Project_838,2021-06-03,2021-08-20,499092,0.5722485928978555,Alice,On Hold,2,Mechanical
Project_839,2021-06-12,2021-10-11,987113,0.7482956723642306,Rachel,In Progress,5,Infrastructure
Project_840,2021-05-09,2021-10-16,178959,0.8492913007275886,Bob,Completed,2,Software
Project_841,2021-09-03,2022-03-04,222094,0.7830373001745422,David,On Hold,2,Infrastructure
Project_842,2021-03-22,2021-11-22,760387,0.694418363234292,Alice,In Progress,1,Mechanical
Project_843,2021-12-14,2022-05-11,531796,0.8345350363426184,Bob,In Progress,2,Electrical
Project_844,2021-10-10,2022-01-16,115058,0.8662418172942152,Charlie,In Progress,1,Biochemical
Project_845,2021-01-01,2021-06-30,421075,0.6087194584861847,Sarah,In Progress,1,Biochemical
Project_846,2021-04-12,2021-10-01,982794,0.6965353764289883,Sarah,Completed,4,Biochemical
Project_847,2021-11-28,2022-05-15,535974,0.7590740737092612,Bob,On Hold,5,Infrastructure
Project_848,2021-04-23,2022-04-01,339670,0.9764538783040112,Sarah,Completed,2,Biochemical
Project_849,2021-07-19,2022-02-09,527128,0.8418483091889929,Alice,In Progress,4,Mechanical
Project_850,2021-07-31,2022-05-18,305269,0.9869737299868755,Rachel,On Hold,2,Software
Project_851,2021-12-18,2022-05-14,833794,0.8308119628586468,Sarah,Completed,2,Software
Project_852,2021-07-04,2022-02-06,985970,0.6493870343835935,Alice,In Progress,3,Biochemical
Project_853,2021-05-31,2021-12-07,748126,0.8955525729224862,Rachel,In Progress,5,Infrastructure
Project_854,2021-04-14,2022-03-16,508145,0.690568375920171,Alice,On Hold,3,Biochemical
Project_855,2021-10-12,2022-04-07,845077,0.7637832293697528,Alice,In Progress,1,Software
Project_856,2021-03-22,2022-02-26,572130,0.6753687235599486,Alice,Completed,3,Infrastructure
Project_857,2021-06-23,2022-02-11,214305,0.9771158719337042,Alice,Completed,4,Biochemical
Project_858,2021-03-17,2022-03-01,534890,0.5866049198580747,Alice,Completed,4,Electrical
Project_859,2021-05-20,2021-09-13,68915,0.6619760466927753,Sarah,On Hold,5,Mechanical
Project_860,2021-08-13,2021-10-12,575964,0.6584120661569952,Bob,Completed,4,Software
Project_861,2021-06-09,2021-08-13,403666,0.538232584638574,Sarah,Completed,2,Infrastructure
Project_862,2021-05-06,2022-04-16,142127,0.8511511024052774,Charlie,Completed,2,Software
Project_863,2021-09-24,2021-12-01,186282,0.5449736090689089,Alice,On Hold,1,Software
Project_864,2021-04-12,2021-07-04,63999,0.5445941036540975,Rachel,Completed,1,Biochemical
Project_865,2021-12-17,2022-10-26,868179,0.9762228076609276,Sarah,In Progress,2,Mechanical
Project_866,2021-11-08,2021-12-22,621979,0.874623438211396,David,Completed,5,Biochemical
Project_867,2021-11-07,2022-06-24,859986,0.9960261175825085,David,Completed,5,Infrastructure
Project_868,2021-03-22,2021-09-02,666374,0.9968785677495192,Alice,In Progress,3,Electrical
Project_869,2021-01-05,2021-11-01,302879,0.6560431432768458,Alice,On Hold,4,Biochemical
Project_870,2021-07-14,2022-01-01,70174,0.7796516309861217,Sarah,Completed,5,Electrical
Project_871,2021-09-17,2022-07-26,328273,0.9762888424844429,Bob,In Progress,3,Electrical
Project_872,2021-03-10,2022-01-14,893527,0.81821828067713,David,Completed,2,Electrical
Project_873,2021-01-18,2021-06-16,527209,0.5507216691997462,Bob,In Progress,3,Biochemical
Project_874,2021-08-13,2021-10-19,518847,0.6653363287751103,Charlie,Completed,3,Software
Project_875,2021-04-10,2021-08-25,24719,0.6625050724988021,Rachel,In Progress,2,Software
Project_876,2021-12-26,2022-07-03,154643,0.6066665678099732,David,In Progress,4,Mechanical
Project_877,2021-04-21,2021-08-26,833177,0.5536929390773987,Alice,Completed,2,Biochemical
Project_878,2021-08-25,2021-11-22,646909,0.8804567426028589,Bob,On Hold,2,Infrastructure
Project_879,2021-05-15,2022-05-14,197377,0.9736390200030347,Alice,Completed,3,Mechanical
Project_880,2021-09-15,2022-06-27,240962,0.8828166714568019,Bob,In Progress,4,Software
Project_881,2021-06-21,2022-02-21,770627,0.9605105592764818,Alice,In Progress,2,Electrical
Project_882,2021-06-11,2021-08-14,44457,0.9831863761513547,Alice,On Hold,5,Electrical
Project_883,2021-07-12,2022-03-30,878944,0.9688827395809516,Charlie,On Hold,5,Software
Project_884,2021-10-27,2022-05-17,658347,0.8531662289095561,Sarah,On Hold,4,Biochemical
Project_885,2021-03-21,2021-11-24,603752,0.550982463317353,David,In Progress,4,Biochemical
Project_886,2021-10-08,2022-05-25,253992,0.9471925908399558,David,In Progress,5,Software
Project_887,2021-10-04,2022-03-05,248795,0.8438555080047059,David,Completed,5,Electrical
Project_888,2021-02-16,2021-07-23,291817,0.7879176963943073,Sarah,In Progress,1,Infrastructure
Project_889,2021-08-20,2022-03-23,823835,0.8078724643428966,David,In Progress,4,Electrical
Project_890,2021-06-18,2021-08-12,656870,0.6072476307895107,Sarah,On Hold,2,Electrical
Project_891,2021-09-11,2022-01-21,414193,0.5084396452993305,Sarah,Completed,5,Infrastructure
Project_892,2021-03-04,2021-08-07,985763,0.6905173444930428,Sarah,Completed,3,Mechanical
Project_893,2021-08-22,2021-11-09,843175,0.8926669386953885,Bob,Completed,5,Mechanical
Project_894,2021-03-10,2021-08-01,563712,0.8691012027095845,Sarah,On Hold,2,Infrastructure
Project_895,2021-09-05,2022-04-09,603393,0.791725106183752,Alice,On Hold,4,Mechanical
Project_896,2021-04-07,2022-02-24,303443,0.8246892294187199,David,Completed,3,Biochemical
Project_897,2021-09-08,2022-07-31,275946,0.5763227244385215,Sarah,In Progress,3,Infrastructure
Project_898,2021-05-12,2022-05-12,944713,0.5758616737976053,Rachel,Completed,2,Electrical
Project_899,2021-08-30,2022-04-29,513789,0.7567539742088063,Sarah,In Progress,3,Biochemical
Project_900,2021-02-17,2021-09-18,207504,0.8284181041337776,Charlie,In Progress,5,Mechanical
Project_901,2021-04-14,2022-03-04,82130,0.5585659068336263,Bob,In Progress,1,Biochemical
Project_902,2021-09-02,2022-02-22,192351,0.5365848675880416,Sarah,On Hold,3,Infrastructure
Project_903,2021-04-11,2021-12-09,392112,0.7964536545007701,Alice,On Hold,2,Software
Project_904,2021-07-02,2022-03-06,984082,0.6552502896178043,Rachel,On Hold,5,Biochemical
Project_905,2021-07-28,2022-01-10,293810,0.8331254402616262,Charlie,In Progress,2,Mechanical
Project_906,2021-03-27,2021-08-01,330983,0.6642556913469118,Alice,In Progress,3,Biochemical
Project_907,2021-07-05,2021-09-14,172170,0.6139003600252011,Charlie,Completed,2,Electrical
Project_908,2021-03-23,2022-01-04,694598,0.7739186863026795,Bob,Completed,4,Infrastructure
Project_909,2021-09-21,2021-11-16,490756,0.7351329041553363,Sarah,On Hold,1,Biochemical
Project_910,2021-12-20,2022-01-23,555004,0.5636605717286259,Alice,On Hold,2,Mechanical
Project_911,2021-02-26,2021-12-12,356630,0.5213718434319871,Charlie,Completed,4,Software
Project_912,2021-07-16,2021-12-23,416644,0.9303045289567093,Bob,In Progress,2,Mechanical
Project_913,2021-10-01,2022-04-29,423027,0.7451679145875305,David,In Progress,5,Biochemical
Project_914,2021-10-23,2022-09-03,738518,0.8694911870220016,Alice,On Hold,1,Infrastructure
Project_915,2021-03-28,2022-02-17,626327,0.8635469556696287,Charlie,In Progress,4,Infrastructure
Project_916,2021-10-25,2022-08-26,598852,0.8365157890957831,David,Completed,4,Software
Project_917,2021-03-13,2021-08-29,193310,0.8647710897369943,Charlie,In Progress,5,Electrical
Project_918,2021-11-13,2022-03-11,702402,0.7194468079424341,Charlie,In Progress,4,Biochemical
Project_919,2021-09-10,2021-11-04,169706,0.5879350642625631,Sarah,In Progress,5,Electrical
Project_920,2021-09-17,2022-02-05,268317,0.9938362110337147,David,In Progress,4,Mechanical
Project_921,2021-05-31,2022-03-01,700970,0.6595952669832124,Rachel,In Progress,3,Biochemical
Project_922,2021-11-01,2022-08-01,281991,0.5664744847037325,Bob,On Hold,4,Electrical
Project_923,2021-08-31,2021-10-13,197857,0.561765609108056,David,Completed,3,Software
Project_924,2021-09-03,2022-07-16,291117,0.8920026182039326,Alice,In Progress,3,Software
Project_925,2021-08-09,2022-02-14,375502,0.5728959302023636,Bob,In Progress,5,Biochemical
Project_926,2021-09-29,2022-08-27,178196,0.6620018730174059,Alice,On Hold,4,Electrical
Project_927,2021-06-21,2022-05-08,322332,0.8242666921031829,Alice,On Hold,2,Biochemical
Project_928,2021-11-14,2022-04-20,637088,0.5314062710442138,Bob,On Hold,1,Software
Project_929,2021-07-24,2022-04-29,433765,0.5300115556928535,Bob,Completed,1,Infrastructure
Project_930,2021-04-26,2022-03-05,280764,0.5901494839631247,Sarah,In Progress,3,Electrical
Project_931,2021-11-25,2022-10-28,730772,0.8863030234182105,Alice,On Hold,2,Biochemical
Project_932,2021-01-08,2021-03-21,137559,0.7295984417003234,Alice,Completed,4,Biochemical
Project_933,2021-12-10,2022-08-07,644204,0.5367492281561599,Sarah,Completed,4,Software
Project_934,2021-09-13,2022-01-12,361610,0.8103963499086575,Sarah,In Progress,2,Mechanical
Project_935,2021-12-16,2022-07-24,780480,0.9282508861438699,Alice,Completed,5,Electrical
Project_936,2021-06-18,2021-07-19,346201,0.8014808675850896,Bob,In Progress,1,Biochemical
Project_937,2021-07-19,2022-04-28,502347,0.5685095277580259,David,Completed,5,Biochemical
Project_938,2021-08-01,2022-06-07,347029,0.6962158339096526,Rachel,Completed,2,Infrastructure
Project_939,2021-11-14,2022-05-14,87631,0.7963757353657701,Rachel,Completed,5,Mechanical
Project_940,2021-08-03,2022-04-08,946027,0.659645900208762,Charlie,On Hold,4,Infrastructure
Project_941,2021-11-11,2022-05-22,859072,0.8497578895725364,Charlie,In Progress,4,Software
Project_942,2021-10-01,2022-06-14,299189,0.8088722186260398,David,Completed,4,Biochemical
Project_943,2021-10-28,2022-01-04,527059,0.7701485931459665,Alice,In Progress,5,Infrastructure
Project_944,2021-09-13,2021-11-12,667540,0.557131108968563,Bob,Completed,5,Infrastructure
Project_945,2021-05-16,2022-01-28,534930,0.6742749888814501,Bob,On Hold,2,Biochemical
Project_946,2021-05-02,2021-10-20,460907,0.7669554726160153,Charlie,In Progress,5,Mechanical
Project_947,2021-06-30,2022-04-18,399690,0.7896271327334635,Charlie,In Progress,5,Software
Project_948,2021-05-16,2022-04-16,288259,0.5519603977237453,Charlie,Completed,4,Biochemical
Project_949,2021-12-11,2022-04-02,641999,0.5054100001031301,Bob,In Progress,2,Biochemical
Project_950,2021-05-06,2022-03-23,834518,0.5248988087152138,Bob,Completed,5,Software
Project_951,2022-01-01,2022-05-21,883744,0.5050910748305533,Sarah,Completed,5,Electrical
Project_952,2021-01-18,2021-06-27,463727,0.9087048360074164,Alice,Completed,2,Mechanical
Project_953,2021-08-26,2022-07-21,604682,0.813019915192731,Bob,In Progress,4,Mechanical
Project_954,2021-04-21,2021-12-25,237654,0.7389217704513007,David,In Progress,5,Electrical
Project_955,2021-04-09,2021-07-13,951084,0.5877199934977645,Sarah,In Progress,5,Software
Project_956,2021-08-09,2022-05-19,515795,0.7052236543120907,Sarah,On Hold,5,Electrical
Project_957,2021-12-22,2022-11-16,285973,0.7345609831833055,Charlie,Completed,2,Mechanical
Project_958,2021-08-19,2022-01-31,566151,0.5264558701314479,Rachel,In Progress,4,Biochemical
Project_959,2021-11-12,2022-11-12,790995,0.9632304409927072,Rachel,Completed,4,Electrical
Project_960,2021-12-31,2022-12-04,67245,0.857500470575083,David,In Progress,2,Software
Project_961,2021-07-17,2021-11-21,861696,0.7764887943084511,Alice,Completed,1,Electrical
Project_962,2021-11-10,2022-04-05,161485,0.8301033365703954,Sarah,Completed,2,Electrical
Project_963,2021-06-27,2022-03-14,808093,0.8316326391959386,David,In Progress,5,Electrical
Project_964,2021-08-18,2022-05-29,922276,0.88543193578028,Alice,On Hold,4,Infrastructure
Project_965,2021-07-06,2022-06-17,83100,0.8126677254019408,Alice,Completed,5,Infrastructure
Project_966,2021-01-09,2021-06-13,888569,0.8881328120693162,Bob,On Hold,5,Software
Project_967,2021-03-08,2021-08-02,447082,0.5745364372951227,Rachel,On Hold,5,Biochemical
Project_968,2021-05-01,2021-09-29,600921,0.8984943443974513,Rachel,Completed,1,Infrastructure
Project_969,2021-05-21,2022-04-09,713600,0.6116782011255555,David,Completed,5,Software
Project_970,2021-01-09,2021-12-19,843516,0.5862926206203123,David,Completed,4,Software
Project_971,2021-07-15,2022-06-03,434065,0.8711545295811354,David,On Hold,2,Electrical
Project_972,2021-03-31,2021-08-17,814601,0.5153523697372124,Sarah,On Hold,1,Software
Project_973,2021-10-04,2022-09-10,894299,0.5352911065142687,Bob,Completed,2,Software
Project_974,2021-12-11,2022-01-22,341038,0.7416037721008176,Rachel,On Hold,3,Infrastructure
Project_975,2021-07-24,2022-06-25,733398,0.5562969873758465,Charlie,In Progress,4,Software
Project_976,2021-01-27,2021-06-17,169377,0.7225408609968137,Bob,On Hold,4,Biochemical
Project_977,2021-12-26,2022-08-17,281142,0.8698046072293214,David,In Progress,2,Biochemical
Project_978,2021-08-21,2022-02-13,546189,0.844933791510419,David,Completed,5,Biochemical
Project_979,2021-05-19,2022-03-26,922940,0.8525686832115144,David,On Hold,5,Biochemical
Project_980,2021-01-05,2021-02-18,565411,0.8797190542463493,Bob,On Hold,1,Biochemical
Project_981,2021-06-22,2021-10-18,960981,0.6793807450412304,Rachel,In Progress,3,Electrical
Project_982,2021-06-20,2022-06-08,407035,0.8722788659706094,David,On Hold,3,Infrastructure
Project_983,2021-08-29,2022-01-01,609898,0.7384200514677033,Rachel,Completed,3,Biochemical
Project_984,2021-06-11,2021-09-05,519149,0.929834402961734,Rachel,In Progress,3,Software
Project_985,2021-12-28,2022-08-24,425634,0.5319541175189607,Sarah,Completed,2,Software
Project_986,2021-05-25,2022-02-09,691439,0.9481038035831233,Alice,On Hold,4,Infrastructure
Project_987,2021-09-27,2022-04-24,442595,0.9052924819961523,Sarah,In Progress,5,Electrical
Project_988,2021-12-24,2022-08-30,90309,0.5031361302495656,Alice,On Hold,2,Biochemical
Project_989,2021-11-01,2022-06-02,549886,0.7881108284456297,Alice,On Hold,4,Software
Project_990,2021-02-25,2021-08-28,246100,0.9901019268530067,Sarah,In Progress,3,Electrical
Project_991,2021-11-21,2022-05-01,571411,0.7902162696753512,Bob,On Hold,4,Software
Project_992,2021-02-24,2021-06-08,861771,0.7318226911931711,Bob,Completed,2,Software
Project_993,2021-03-31,2021-10-23,341767,0.7701452881934394,Alice,In Progress,3,Mechanical
Project_994,2021-06-25,2022-04-20,990919,0.5121369642205744,Charlie,In Progress,5,Mechanical
Project_995,2021-05-17,2022-05-06,108671,0.9357581280874607,Charlie,In Progress,2,Biochemical
Project_996,2021-01-17,2021-08-02,560865,0.8737393594183682,David,Completed,2,Software
Project_997,2021-09-10,2022-03-24,704867,0.7778779386186291,Alice,In Progress,2,Mechanical
Project_998,2021-11-07,2022-01-31,835684,0.6433031087374601,Sarah,Completed,3,Biochemical
Project_999,2021-08-15,2022-01-08,236056,0.5576852074030776,Sarah,In Progress,1,Infrastructure
Project_1000,2021-05-25,2022-03-06,706607,0.7421172372093416,Alice,On Hold,5,Infrastructure
